Gene stable ID,Gene stable ID version,Transcript stable ID,Transcript stable ID version,Gene name,3' UTR start,3' UTR end,Chromosome/scaffold name
ENSG00000009950,ENSG00000009950.16,ENST00000345114,ENST00000345114.9,MLXIPL,73596364.0,73596422.0,7
ENSG00000009950,ENSG00000009950.16,ENST00000345114,ENST00000345114.9,MLXIPL,73596153.0,73596272.0,7
ENSG00000009950,ENSG00000009950.16,ENST00000345114,ENST00000345114.9,MLXIPL,73595842.0,73595969.0,7
ENSG00000009950,ENSG00000009950.16,ENST00000345114,ENST00000345114.9,MLXIPL,73595637.0,73595760.0,7
ENSG00000009950,ENSG00000009950.16,ENST00000345114,ENST00000345114.9,MLXIPL,73594274.0,73594403.0,7
ENSG00000009950,ENSG00000009950.16,ENST00000345114,ENST00000345114.9,MLXIPL,73593194.0,73593983.0,7
ENSG00000009950,ENSG00000009950.16,ENST00000414749,ENST00000414749.6,MLXIPL,73593194.0,73593864.0,7
ENSG00000009950,ENSG00000009950.16,ENST00000429400,ENST00000429400.6,MLXIPL,73593194.0,73593864.0,7
ENSG00000009950,ENSG00000009950.16,ENST00000354613,ENST00000354613.5,MLXIPL,73593194.0,73593864.0,7
ENSG00000009950,ENSG00000009950.16,ENST00000434326,ENST00000434326.5,MLXIPL,73593202.0,73594265.0,7
ENSG00000009950,ENSG00000009950.16,ENST00000313375,ENST00000313375.8,MLXIPL,73593202.0,73593864.0,7
ENSG00000029153,ENSG00000029153.15,ENST00000266503,ENST00000266503.10,BMAL2,27420533.0,27425286.0,12
ENSG00000029153,ENSG00000029153.15,ENST00000544915,ENST00000544915.5,BMAL2,27420533.0,27425289.0,12
ENSG00000029153,ENSG00000029153.15,ENST00000395901,ENST00000395901.6,BMAL2,27420533.0,27420533.0,12
ENSG00000029153,ENSG00000029153.15,ENST00000546179,ENST00000546179.5,BMAL2,27420465.0,27420549.0,12
ENSG00000029153,ENSG00000029153.15,ENST00000311001,ENST00000311001.9,BMAL2,27420533.0,27420533.0,12
ENSG00000029153,ENSG00000029153.15,ENST00000261178,ENST00000261178.9,BMAL2,27420533.0,27420590.0,12
ENSG00000029153,ENSG00000029153.15,ENST00000457040,ENST00000457040.6,BMAL2,27420533.0,27420725.0,12
ENSG00000029153,ENSG00000029153.15,ENST00000542388,ENST00000542388.1,BMAL2,27420533.0,27420590.0,12
ENSG00000059728,ENSG00000059728.11,ENST00000540449,ENST00000540449.5,MXD1,69938285.0,69942938.0,2
ENSG00000059728,ENSG00000059728.11,ENST00000409442,ENST00000409442.2,MXD1,69937049.0,69937394.0,2
ENSG00000059728,ENSG00000059728.11,ENST00000409442,ENST00000409442.2,MXD1,69938097.0,69938192.0,2
ENSG00000059728,ENSG00000059728.11,ENST00000264444,ENST00000264444.7,MXD1,69938285.0,69942945.0,2
ENSG00000063438,ENSG00000063438.20,ENST00000316418,ENST00000316418.10,AHRR,434835.0,438291.0,5
ENSG00000063438,ENSG00000063438.20,ENST00000652417,ENST00000652417.2,AHRR,367848.0,369849.0,5
ENSG00000063438,ENSG00000063438.20,ENST00000515206,ENST00000515206.6,AHRR,367984.0,369849.0,5
ENSG00000063438,ENSG00000063438.20,ENST00000506456,ENST00000506456.1,AHRR,434835.0,435110.0,5
ENSG00000063438,ENSG00000063438.20,ENST00000684583,ENST00000684583.1,AHRR,434835.0,438285.0,5
ENSG00000068323,ENSG00000068323.17,ENST00000315869,ENST00000315869.8,TFE3,49028726.0,49030157.0,X
ENSG00000068323,ENSG00000068323.17,ENST00000493583,ENST00000493583.5,TFE3,49039107.0,49039245.0,X
ENSG00000068323,ENSG00000068323.17,ENST00000493583,ENST00000493583.5,TFE3,49038197.0,49038442.0,X
ENSG00000068323,ENSG00000068323.17,ENST00000493583,ENST00000493583.5,TFE3,49038010.0,49038114.0,X
ENSG00000068323,ENSG00000068323.17,ENST00000493583,ENST00000493583.5,TFE3,49034134.0,49034251.0,X
ENSG00000068323,ENSG00000068323.17,ENST00000493583,ENST00000493583.5,TFE3,49033726.0,49033782.0,X
ENSG00000068323,ENSG00000068323.17,ENST00000493583,ENST00000493583.5,TFE3,49033465.0,49033540.0,X
ENSG00000068323,ENSG00000068323.17,ENST00000493583,ENST00000493583.5,TFE3,49031397.0,49031544.0,X
ENSG00000068323,ENSG00000068323.17,ENST00000493583,ENST00000493583.5,TFE3,49028726.0,49030601.0,X
ENSG00000069812,ENSG00000069812.11,ENST00000377837,ENST00000377837.5,HES2,6412418.0,6413192.0,1
ENSG00000069812,ENSG00000069812.11,ENST00000377836,ENST00000377836.8,HES2,6413000.0,6413192.0,1
ENSG00000069812,ENSG00000069812.11,ENST00000377834,ENST00000377834.8,HES2,6415232.0,6418872.0,1
ENSG00000069812,ENSG00000069812.11,ENST00000487437,ENST00000487437.5,HES2,6418414.0,6419060.0,1
ENSG00000069812,ENSG00000069812.11,ENST00000489730,ENST00000489730.1,HES2,6418849.0,6419232.0,1
ENSG00000070444,ENSG00000070444.15,ENST00000174618,ENST00000174618.5,MNT,2384073.0,2386900.0,17
ENSG00000070444,ENSG00000070444.15,ENST00000575394,ENST00000575394.1,MNT,2387909.0,2388020.0,17
ENSG00000071564,ENSG00000071564.19,ENST00000592395,ENST00000592395.5,TCF3,1615285.0,1615442.0,19
ENSG00000071564,ENSG00000071564.19,ENST00000592395,ENST00000592395.5,TCF3,1612207.0,1612433.0,19
ENSG00000071564,ENSG00000071564.19,ENST00000592395,ENST00000592395.5,TCF3,1611704.0,1611849.0,19
ENSG00000071564,ENSG00000071564.19,ENST00000592395,ENST00000592395.5,TCF3,1609291.0,1609599.0,19
ENSG00000071564,ENSG00000071564.19,ENST00000262965,ENST00000262965.12,TCF3,1609292.0,1611706.0,19
ENSG00000071564,ENSG00000071564.19,ENST00000588136,ENST00000588136.7,TCF3,1611704.0,1611706.0,19
ENSG00000071564,ENSG00000071564.19,ENST00000588136,ENST00000588136.7,TCF3,1609292.0,1611369.0,19
ENSG00000071564,ENSG00000071564.19,ENST00000592628,ENST00000592628.5,TCF3,1611704.0,1611706.0,19
ENSG00000071564,ENSG00000071564.19,ENST00000592628,ENST00000592628.5,TCF3,1609293.0,1610500.0,19
ENSG00000071564,ENSG00000071564.19,ENST00000593064,ENST00000593064.5,TCF3,1611704.0,1611706.0,19
ENSG00000071564,ENSG00000071564.19,ENST00000593064,ENST00000593064.5,TCF3,1609293.0,1611369.0,19
ENSG00000071564,ENSG00000071564.19,ENST00000453954,ENST00000453954.6,TCF3,1611704.0,1611706.0,19
ENSG00000071564,ENSG00000071564.19,ENST00000453954,ENST00000453954.6,TCF3,1609293.0,1610500.0,19
ENSG00000071564,ENSG00000071564.19,ENST00000587425,ENST00000587425.5,TCF3,1611704.0,1611706.0,19
ENSG00000071564,ENSG00000071564.19,ENST00000587425,ENST00000587425.5,TCF3,1609472.0,1609599.0,19
ENSG00000071564,ENSG00000071564.19,ENST00000585731,ENST00000585731.5,TCF3,1610965.0,1611706.0,19
ENSG00000071564,ENSG00000071564.19,ENST00000705032,ENST00000705032.1,TCF3,1630561.0,1630602.0,19
ENSG00000071564,ENSG00000071564.19,ENST00000705032,ENST00000705032.1,TCF3,1627359.0,1627426.0,19
ENSG00000071564,ENSG00000071564.19,ENST00000705032,ENST00000705032.1,TCF3,1625576.0,1625708.0,19
ENSG00000071564,ENSG00000071564.19,ENST00000705032,ENST00000705032.1,TCF3,1623951.0,1624000.0,19
ENSG00000071564,ENSG00000071564.19,ENST00000705032,ENST00000705032.1,TCF3,1622313.0,1622415.0,19
ENSG00000071564,ENSG00000071564.19,ENST00000705032,ENST00000705032.1,TCF3,1622054.0,1622223.0,19
ENSG00000071564,ENSG00000071564.19,ENST00000705032,ENST00000705032.1,TCF3,1621838.0,1621970.0,19
ENSG00000071564,ENSG00000071564.19,ENST00000705032,ENST00000705032.1,TCF3,1621133.0,1621191.0,19
ENSG00000071564,ENSG00000071564.19,ENST00000705032,ENST00000705032.1,TCF3,1620968.0,1621046.0,19
ENSG00000071564,ENSG00000071564.19,ENST00000705032,ENST00000705032.1,TCF3,1619780.0,1619853.0,19
ENSG00000071564,ENSG00000071564.19,ENST00000705032,ENST00000705032.1,TCF3,1619316.0,1619474.0,19
ENSG00000071564,ENSG00000071564.19,ENST00000705032,ENST00000705032.1,TCF3,1619111.0,1619234.0,19
ENSG00000071564,ENSG00000071564.19,ENST00000705032,ENST00000705032.1,TCF3,1615686.0,1615815.0,19
ENSG00000071564,ENSG00000071564.19,ENST00000705032,ENST00000705032.1,TCF3,1615285.0,1615520.0,19
ENSG00000071564,ENSG00000071564.19,ENST00000705032,ENST00000705032.1,TCF3,1610987.0,1611849.0,19
ENSG00000071564,ENSG00000071564.19,ENST00000590684,ENST00000590684.5,TCF3,1611056.0,1611706.0,19
ENSG00000071564,ENSG00000071564.19,ENST00000590436,ENST00000590436.5,TCF3,1611704.0,1611706.0,19
ENSG00000071564,ENSG00000071564.19,ENST00000590436,ENST00000590436.5,TCF3,1611168.0,1611369.0,19
ENSG00000071564,ENSG00000071564.19,ENST00000651991,ENST00000651991.1,TCF3,1611704.0,1611849.0,19
ENSG00000071564,ENSG00000071564.19,ENST00000651991,ENST00000651991.1,TCF3,1612207.0,1612392.0,19
ENSG00000071564,ENSG00000071564.19,ENST00000651991,ENST00000651991.1,TCF3,1611170.0,1611369.0,19
ENSG00000071564,ENSG00000071564.19,ENST00000395423,ENST00000395423.7,TCF3,1611249.0,1611706.0,19
ENSG00000071564,ENSG00000071564.19,ENST00000585855,ENST00000585855.2,TCF3,1612207.0,1612433.0,19
ENSG00000071564,ENSG00000071564.19,ENST00000585855,ENST00000585855.2,TCF3,1615285.0,1615442.0,19
ENSG00000071564,ENSG00000071564.19,ENST00000585855,ENST00000585855.2,TCF3,1611314.0,1611849.0,19
ENSG00000071564,ENSG00000071564.19,ENST00000586164,ENST00000586164.1,TCF3,1615285.0,1615442.0,19
ENSG00000071564,ENSG00000071564.19,ENST00000586164,ENST00000586164.1,TCF3,1611755.0,1611849.0,19
ENSG00000072310,ENSG00000072310.18,ENST00000485080,ENST00000485080.6,SREBF1,17811973.0,17812036.0,17
ENSG00000072310,ENSG00000072310.18,ENST00000485080,ENST00000485080.6,SREBF1,17811012.0,17811730.0,17
ENSG00000072310,ENSG00000072310.18,ENST00000485080,ENST00000485080.6,SREBF1,17810399.0,17810512.0,17
ENSG00000072310,ENSG00000072310.18,ENST00000261646,ENST00000261646.11,SREBF1,17811334.0,17812621.0,17
ENSG00000072310,ENSG00000072310.18,ENST00000578469,ENST00000578469.1,SREBF1,17811973.0,17812036.0,17
ENSG00000072310,ENSG00000072310.18,ENST00000578469,ENST00000578469.1,SREBF1,17811356.0,17811784.0,17
ENSG00000072310,ENSG00000072310.18,ENST00000395757,ENST00000395757.6,SREBF1,17811356.0,17811754.0,17
ENSG00000072310,ENSG00000072310.18,ENST00000395756,ENST00000395756.5,SREBF1,17817548.0,17817644.0,17
ENSG00000072310,ENSG00000072310.18,ENST00000395756,ENST00000395756.5,SREBF1,17817256.0,17817457.0,17
ENSG00000072310,ENSG00000072310.18,ENST00000395756,ENST00000395756.5,SREBF1,17816958.0,17817136.0,17
ENSG00000072310,ENSG00000072310.18,ENST00000395756,ENST00000395756.5,SREBF1,17816457.0,17816718.0,17
ENSG00000072310,ENSG00000072310.18,ENST00000395756,ENST00000395756.5,SREBF1,17816207.0,17816373.0,17
ENSG00000072310,ENSG00000072310.18,ENST00000395756,ENST00000395756.5,SREBF1,17815860.0,17816028.0,17
ENSG00000072310,ENSG00000072310.18,ENST00000395756,ENST00000395756.5,SREBF1,17815221.0,17815329.0,17
ENSG00000072310,ENSG00000072310.18,ENST00000395756,ENST00000395756.5,SREBF1,17814835.0,17814944.0,17
ENSG00000072310,ENSG00000072310.18,ENST00000395756,ENST00000395756.5,SREBF1,17814615.0,17814747.0,17
ENSG00000072310,ENSG00000072310.18,ENST00000395756,ENST00000395756.5,SREBF1,17814245.0,17814410.0,17
ENSG00000072310,ENSG00000072310.18,ENST00000395756,ENST00000395756.5,SREBF1,17813569.0,17813769.0,17
ENSG00000072310,ENSG00000072310.18,ENST00000395756,ENST00000395756.5,SREBF1,17813368.0,17813479.0,17
ENSG00000072310,ENSG00000072310.18,ENST00000395756,ENST00000395756.5,SREBF1,17812073.0,17812851.0,17
ENSG00000072310,ENSG00000072310.18,ENST00000355815,ENST00000355815.8,SREBF1,17812073.0,17812621.0,17
ENSG00000072310,ENSG00000072310.18,ENST00000478616,ENST00000478616.1,SREBF1,17812910.0,17813299.0,17
ENSG00000072310,ENSG00000072310.18,ENST00000577897,ENST00000577897.2,SREBF1,17819320.0,17819454.0,17
ENSG00000072310,ENSG00000072310.18,ENST00000577897,ENST00000577897.2,SREBF1,17819538.0,17819605.0,17
ENSG00000072310,ENSG00000072310.18,ENST00000577897,ENST00000577897.2,SREBF1,17819121.0,17819234.0,17
ENSG00000084676,ENSG00000084676.16,ENST00000406961,ENST00000406961.5,NCOA1,24768392.0,24770702.0,2
ENSG00000084676,ENSG00000084676.16,ENST00000405141,ENST00000405141.5,NCOA1,24768124.0,24768135.0,2
ENSG00000084676,ENSG00000084676.16,ENST00000405141,ENST00000405141.5,NCOA1,24768221.0,24770702.0,2
ENSG00000084676,ENSG00000084676.16,ENST00000407230,ENST00000407230.5,NCOA1,24768124.0,24768135.0,2
ENSG00000084676,ENSG00000084676.16,ENST00000407230,ENST00000407230.5,NCOA1,24768224.0,24768543.0,2
ENSG00000084676,ENSG00000084676.16,ENST00000395856,ENST00000395856.3,NCOA1,24768392.0,24770702.0,2
ENSG00000084676,ENSG00000084676.16,ENST00000288599,ENST00000288599.9,NCOA1,24768124.0,24768135.0,2
ENSG00000084676,ENSG00000084676.16,ENST00000288599,ENST00000288599.9,NCOA1,24768221.0,24770702.0,2
ENSG00000084676,ENSG00000084676.16,ENST00000348332,ENST00000348332.8,NCOA1,24768392.0,24770702.0,2
ENSG00000090447,ENSG00000090447.12,ENST00000204517,ENST00000204517.11,TFAP4,4257186.0,4258054.0,16
ENSG00000090447,ENSG00000090447.12,ENST00000574639,ENST00000574639.1,TFAP4,4260455.0,4260549.0,16
ENSG00000090447,ENSG00000090447.12,ENST00000574639,ENST00000574639.1,TFAP4,4260090.0,4260245.0,16
ENSG00000090447,ENSG00000090447.12,ENST00000574639,ENST00000574639.1,TFAP4,4258189.0,4258249.0,16
ENSG00000090447,ENSG00000090447.12,ENST00000573476,ENST00000573476.1,TFAP4,4261779.0,4261833.0,16
ENSG00000090447,ENSG00000090447.12,ENST00000573476,ENST00000573476.1,TFAP4,4260455.0,4260595.0,16
ENSG00000100644,ENSG00000100644.17,ENST00000337138,ENST00000337138.9,HIF1A,61747086.0,61748258.0,14
ENSG00000100644,ENSG00000100644.17,ENST00000394997,ENST00000394997.5,HIF1A,61747086.0,61748258.0,14
ENSG00000100644,ENSG00000100644.17,ENST00000323441,ENST00000323441.10,HIF1A,61746940.0,61748258.0,14
ENSG00000100644,ENSG00000100644.17,ENST00000539097,ENST00000539097.2,HIF1A,61747086.0,61748259.0,14
ENSG00000101190,ENSG00000101190.13,ENST00000335351,ENST00000335351.8,TCFL5,62841005.0,62841974.0,20
ENSG00000101190,ENSG00000101190.13,ENST00000217162,ENST00000217162.5,TCFL5,62845138.0,62845901.0,20
ENSG00000104903,ENSG00000104903.5,ENST00000264824,ENST00000264824.5,LYL1,13099033.0,13099318.0,19
ENSG00000105698,ENSG00000105698.16,ENST00000222305,ENST00000222305.8,USF2,35279257.0,35279821.0,19
ENSG00000105698,ENSG00000105698.16,ENST00000343550,ENST00000343550.9,USF2,35279257.0,35279815.0,19
ENSG00000105698,ENSG00000105698.16,ENST00000595068,ENST00000595068.5,USF2,35279257.0,35279814.0,19
ENSG00000105698,ENSG00000105698.16,ENST00000602164,ENST00000602164.5,USF2,35269832.0,35270003.0,19
ENSG00000105698,ENSG00000105698.16,ENST00000602164,ENST00000602164.5,USF2,35270447.0,35270517.0,19
ENSG00000105698,ENSG00000105698.16,ENST00000594064,ENST00000594064.5,USF2,35279180.0,35279308.0,19
ENSG00000105698,ENSG00000105698.16,ENST00000599471,ENST00000599471.5,USF2,35279257.0,35279667.0,19
ENSG00000105698,ENSG00000105698.16,ENST00000597671,ENST00000597671.5,USF2,35278698.0,35278792.0,19
ENSG00000105698,ENSG00000105698.16,ENST00000597671,ENST00000597671.5,USF2,35275791.0,35275900.0,19
ENSG00000105967,ENSG00000105967.16,ENST00000265440,ENST00000265440.12,TFEC,115935152.0,115940550.0,7
ENSG00000105967,ENSG00000105967.16,ENST00000320239,ENST00000320239.11,TFEC,115935156.0,115940550.0,7
ENSG00000105967,ENSG00000105967.16,ENST00000393485,ENST00000393485.5,TFEC,115939949.0,115941874.0,7
ENSG00000105967,ENSG00000105967.16,ENST00000484212,ENST00000484212.5,TFEC,115941756.0,115941874.0,7
ENSG00000105967,ENSG00000105967.16,ENST00000457268,ENST00000457268.5,TFEC,115935148.0,115940550.0,7
ENSG00000106546,ENSG00000106546.14,ENST00000642825,ENST00000642825.1,AHR,17343065.0,17346150.0,7
ENSG00000106546,ENSG00000106546.14,ENST00000242057,ENST00000242057.9,AHR,17343065.0,17346147.0,7
ENSG00000106546,ENSG00000106546.14,ENST00000463496,ENST00000463496.1,AHR,17343065.0,17343853.0,7
ENSG00000106546,ENSG00000106546.14,ENST00000463496,ENST00000463496.1,AHR,17345251.0,17346152.0,7
ENSG00000108788,ENSG00000108788.12,ENST00000435881,ENST00000435881.7,MLX,42571604.0,42573203.0,17
ENSG00000108788,ENSG00000108788.12,ENST00000246912,ENST00000246912.8,MLX,42571604.0,42573239.0,17
ENSG00000108788,ENSG00000108788.12,ENST00000346833,ENST00000346833.8,MLX,42571604.0,42573239.0,17
ENSG00000111046,ENSG00000111046.4,ENST00000228641,ENST00000228641.4,MYF6,80708961.0,80709474.0,12
ENSG00000111049,ENSG00000111049.4,ENST00000228644,ENST00000228644.4,MYF5,80719052.0,80719671.0,12
ENSG00000112246,ENSG00000112246.10,ENST00000369208,ENST00000369208.8,SIM1,100385009.0,100390360.0,6
ENSG00000112246,ENSG00000112246.10,ENST00000262901,ENST00000262901.4,SIM1,100388872.0,100390360.0,6
ENSG00000112561,ENSG00000112561.19,ENST00000406563,ENST00000406563.7,TFEB,41683978.0,41684598.0,6
ENSG00000112561,ENSG00000112561.19,ENST00000343317,ENST00000343317.11,TFEB,41683978.0,41684598.0,6
ENSG00000112561,ENSG00000112561.19,ENST00000419574,ENST00000419574.6,TFEB,41683978.0,41684598.0,6
ENSG00000112561,ENSG00000112561.19,ENST00000445214,ENST00000445214.2,TFEB,41683978.0,41684598.0,6
ENSG00000112561,ENSG00000112561.19,ENST00000416140,ENST00000416140.6,TFEB,41683978.0,41684598.0,6
ENSG00000112561,ENSG00000112561.19,ENST00000419396,ENST00000419396.6,TFEB,41683978.0,41684598.0,6
ENSG00000112561,ENSG00000112561.19,ENST00000678831,ENST00000678831.1,TFEB,41683978.0,41684598.0,6
ENSG00000112561,ENSG00000112561.19,ENST00000424495,ENST00000424495.2,TFEB,41683978.0,41684598.0,6
ENSG00000112561,ENSG00000112561.19,ENST00000420312,ENST00000420312.6,TFEB,41683978.0,41684598.0,6
ENSG00000112561,ENSG00000112561.19,ENST00000403298,ENST00000403298.9,TFEB,41683978.0,41684598.0,6
ENSG00000112561,ENSG00000112561.19,ENST00000230323,ENST00000230323.8,TFEB,41683978.0,41684598.0,6
ENSG00000112561,ENSG00000112561.19,ENST00000677531,ENST00000677531.1,TFEB,41683978.0,41684598.0,6
ENSG00000112561,ENSG00000112561.19,ENST00000373033,ENST00000373033.6,TFEB,41683978.0,41684598.0,6
ENSG00000112561,ENSG00000112561.19,ENST00000358871,ENST00000358871.6,TFEB,41683978.0,41684598.0,6
ENSG00000112561,ENSG00000112561.19,ENST00000678871,ENST00000678871.1,TFEB,41686090.0,41686337.0,6
ENSG00000112561,ENSG00000112561.19,ENST00000678871,ENST00000678871.1,TFEB,41683994.0,41685078.0,6
ENSG00000112561,ENSG00000112561.19,ENST00000394283,ENST00000394283.5,TFEB,41686529.0,41687089.0,6
ENSG00000113196,ENSG00000113196.3,ENST00000231121,ENST00000231121.3,HAND1,154474972.0,154475805.0,5
ENSG00000114315,ENSG00000114315.4,ENST00000232424,ENST00000232424.4,HES1,194138234.0,194138732.0,3
ENSG00000115738,ENSG00000115738.10,ENST00000234091,ENST00000234091.8,ID2,8682900.0,8682906.0,2
ENSG00000115738,ENSG00000115738.10,ENST00000234091,ENST00000234091.8,ID2,8683685.0,8684453.0,2
ENSG00000115738,ENSG00000115738.10,ENST00000331129,ENST00000331129.3,ID2,8682900.0,8683007.0,2
ENSG00000115738,ENSG00000115738.10,ENST00000396290,ENST00000396290.2,ID2,8682900.0,8682906.0,2
ENSG00000115738,ENSG00000115738.10,ENST00000396290,ENST00000396290.2,ID2,8683685.0,8684461.0,2
ENSG00000116016,ENSG00000116016.14,ENST00000263734,ENST00000263734.5,EPAS1,46384661.0,46386697.0,2
ENSG00000116990,ENSG00000116990.12,ENST00000372816,ENST00000372816.3,MYCL,39895428.0,39897371.0,1
ENSG00000116990,ENSG00000116990.12,ENST00000397332,ENST00000397332.3,MYCL,39895428.0,39897371.0,1
ENSG00000116990,ENSG00000116990.12,ENST00000372815,ENST00000372815.1,MYCL,39899612.0,39900813.0,1
ENSG00000117318,ENSG00000117318.9,ENST00000374561,ENST00000374561.6,ID3,23558935.0,23558959.0,1
ENSG00000117318,ENSG00000117318.9,ENST00000374561,ENST00000374561.6,ID3,23557926.0,23558415.0,1
ENSG00000118526,ENSG00000118526.7,ENST00000367882,ENST00000367882.5,TCF21,133891803.0,133892257.0,6
ENSG00000118526,ENSG00000118526.7,ENST00000237316,ENST00000237316.3,TCF21,133891803.0,133891810.0,6
ENSG00000118526,ENSG00000118526.7,ENST00000237316,ENST00000237316.3,TCF21,133893155.0,133895553.0,6
ENSG00000119950,ENSG00000119950.21,ENST00000332674,ENST00000332674.9,MXI1,110284988.0,110287365.0,10
ENSG00000119950,ENSG00000119950.21,ENST00000361248,ENST00000361248.8,MXI1,110284988.0,110286506.0,10
ENSG00000119950,ENSG00000119950.21,ENST00000239007,ENST00000239007.11,MXI1,110284988.0,110286506.0,10
ENSG00000119950,ENSG00000119950.21,ENST00000460667,ENST00000460667.5,MXI1,110244862.0,110244873.0,10
ENSG00000119950,ENSG00000119950.21,ENST00000460667,ENST00000460667.5,MXI1,110279180.0,110279294.0,10
ENSG00000119950,ENSG00000119950.21,ENST00000460667,ENST00000460667.5,MXI1,110279914.0,110280085.0,10
ENSG00000119950,ENSG00000119950.21,ENST00000460667,ENST00000460667.5,MXI1,110284824.0,110284890.0,10
ENSG00000119950,ENSG00000119950.21,ENST00000393134,ENST00000393134.5,MXI1,110284988.0,110285092.0,10
ENSG00000119950,ENSG00000119950.21,ENST00000651225,ENST00000651225.1,MXI1,110279180.0,110279294.0,10
ENSG00000119950,ENSG00000119950.21,ENST00000651225,ENST00000651225.1,MXI1,110279914.0,110280085.0,10
ENSG00000119950,ENSG00000119950.21,ENST00000651225,ENST00000651225.1,MXI1,110226325.0,110226386.0,10
ENSG00000119950,ENSG00000119950.21,ENST00000651225,ENST00000651225.1,MXI1,110228189.0,110228321.0,10
ENSG00000119950,ENSG00000119950.21,ENST00000651225,ENST00000651225.1,MXI1,110244828.0,110244857.0,10
ENSG00000119950,ENSG00000119950.21,ENST00000651225,ENST00000651225.1,MXI1,110284824.0,110286586.0,10
ENSG00000119950,ENSG00000119950.21,ENST00000652649,ENST00000652649.1,MXI1,110279180.0,110279294.0,10
ENSG00000119950,ENSG00000119950.21,ENST00000652649,ENST00000652649.1,MXI1,110279914.0,110280085.0,10
ENSG00000119950,ENSG00000119950.21,ENST00000652649,ENST00000652649.1,MXI1,110228189.0,110228321.0,10
ENSG00000119950,ENSG00000119950.21,ENST00000652649,ENST00000652649.1,MXI1,110244828.0,110244857.0,10
ENSG00000119950,ENSG00000119950.21,ENST00000652649,ENST00000652649.1,MXI1,110226325.0,110226350.0,10
ENSG00000119950,ENSG00000119950.21,ENST00000652649,ENST00000652649.1,MXI1,110284824.0,110286482.0,10
ENSG00000119950,ENSG00000119950.21,ENST00000651613,ENST00000651613.1,MXI1,110284988.0,110286480.0,10
ENSG00000119950,ENSG00000119950.21,ENST00000652243,ENST00000652243.1,MXI1,110279180.0,110279294.0,10
ENSG00000119950,ENSG00000119950.21,ENST00000652243,ENST00000652243.1,MXI1,110279914.0,110280085.0,10
ENSG00000119950,ENSG00000119950.21,ENST00000652243,ENST00000652243.1,MXI1,110261021.0,110261145.0,10
ENSG00000119950,ENSG00000119950.21,ENST00000652243,ENST00000652243.1,MXI1,110284824.0,110286490.0,10
ENSG00000119950,ENSG00000119950.21,ENST00000651495,ENST00000651495.1,MXI1,110284988.0,110286267.0,10
ENSG00000119950,ENSG00000119950.21,ENST00000650900,ENST00000650900.1,MXI1,110284988.0,110285146.0,10
ENSG00000119950,ENSG00000119950.21,ENST00000650900,ENST00000650900.1,MXI1,110285642.0,110286477.0,10
ENSG00000119950,ENSG00000119950.21,ENST00000652506,ENST00000652506.1,MXI1,110284988.0,110286480.0,10
ENSG00000119950,ENSG00000119950.21,ENST00000651811,ENST00000651811.1,MXI1,110284988.0,110286585.0,10
ENSG00000119950,ENSG00000119950.21,ENST00000651167,ENST00000651167.1,MXI1,110284988.0,110286478.0,10
ENSG00000119950,ENSG00000119950.21,ENST00000651516,ENST00000651516.1,MXI1,110284988.0,110285017.0,10
ENSG00000119950,ENSG00000119950.21,ENST00000651467,ENST00000651467.1,MXI1,110284988.0,110286481.0,10
ENSG00000119950,ENSG00000119950.21,ENST00000651004,ENST00000651004.1,MXI1,110284988.0,110287341.0,10
ENSG00000119950,ENSG00000119950.21,ENST00000650843,ENST00000650843.1,MXI1,110284988.0,110286596.0,10
ENSG00000119950,ENSG00000119950.21,ENST00000651318,ENST00000651318.1,MXI1,110279180.0,110279294.0,10
ENSG00000119950,ENSG00000119950.21,ENST00000651318,ENST00000651318.1,MXI1,110279914.0,110280085.0,10
ENSG00000119950,ENSG00000119950.21,ENST00000651318,ENST00000651318.1,MXI1,110261021.0,110261145.0,10
ENSG00000119950,ENSG00000119950.21,ENST00000651318,ENST00000651318.1,MXI1,110284824.0,110286585.0,10
ENSG00000119950,ENSG00000119950.21,ENST00000650644,ENST00000650644.1,MXI1,110284988.0,110286468.0,10
ENSG00000119950,ENSG00000119950.21,ENST00000650696,ENST00000650696.1,MXI1,110284988.0,110286488.0,10
ENSG00000119950,ENSG00000119950.21,ENST00000652604,ENST00000652604.1,MXI1,110284988.0,110286478.0,10
ENSG00000119950,ENSG00000119950.21,ENST00000651109,ENST00000651109.1,MXI1,110279180.0,110279294.0,10
ENSG00000119950,ENSG00000119950.21,ENST00000651109,ENST00000651109.1,MXI1,110279914.0,110280085.0,10
ENSG00000119950,ENSG00000119950.21,ENST00000651109,ENST00000651109.1,MXI1,110261021.0,110261145.0,10
ENSG00000119950,ENSG00000119950.21,ENST00000651109,ENST00000651109.1,MXI1,110284824.0,110285093.0,10
ENSG00000119950,ENSG00000119950.21,ENST00000652463,ENST00000652463.1,MXI1,110284988.0,110286590.0,10
ENSG00000119950,ENSG00000119950.21,ENST00000651557,ENST00000651557.1,MXI1,110244862.0,110244873.0,10
ENSG00000119950,ENSG00000119950.21,ENST00000651557,ENST00000651557.1,MXI1,110279180.0,110279294.0,10
ENSG00000119950,ENSG00000119950.21,ENST00000651557,ENST00000651557.1,MXI1,110279914.0,110280085.0,10
ENSG00000119950,ENSG00000119950.21,ENST00000651557,ENST00000651557.1,MXI1,110284824.0,110284851.0,10
ENSG00000119950,ENSG00000119950.21,ENST00000650810,ENST00000650810.1,MXI1,110284988.0,110286609.0,10
ENSG00000119950,ENSG00000119950.21,ENST00000650952,ENST00000650952.1,MXI1,110284988.0,110285337.0,10
ENSG00000119950,ENSG00000119950.21,ENST00000484030,ENST00000484030.5,MXI1,110279180.0,110279294.0,10
ENSG00000119950,ENSG00000119950.21,ENST00000484030,ENST00000484030.5,MXI1,110279914.0,110280085.0,10
ENSG00000119950,ENSG00000119950.21,ENST00000484030,ENST00000484030.5,MXI1,110284824.0,110285114.0,10
ENSG00000119950,ENSG00000119950.21,ENST00000652028,ENST00000652028.1,MXI1,110284988.0,110286480.0,10
ENSG00000119950,ENSG00000119950.21,ENST00000651866,ENST00000651866.1,MXI1,110284988.0,110286478.0,10
ENSG00000119950,ENSG00000119950.21,ENST00000651848,ENST00000651848.1,MXI1,110284988.0,110286556.0,10
ENSG00000119950,ENSG00000119950.21,ENST00000652323,ENST00000652323.1,MXI1,110279180.0,110279294.0,10
ENSG00000119950,ENSG00000119950.21,ENST00000652323,ENST00000652323.1,MXI1,110279914.0,110280085.0,10
ENSG00000119950,ENSG00000119950.21,ENST00000652323,ENST00000652323.1,MXI1,110284824.0,110286506.0,10
ENSG00000119950,ENSG00000119950.21,ENST00000369612,ENST00000369612.1,MXI1,110284988.0,110285048.0,10
ENSG00000119950,ENSG00000119950.21,ENST00000650752,ENST00000650752.1,MXI1,110279180.0,110279294.0,10
ENSG00000119950,ENSG00000119950.21,ENST00000650752,ENST00000650752.1,MXI1,110261021.0,110261145.0,10
ENSG00000119950,ENSG00000119950.21,ENST00000650752,ENST00000650752.1,MXI1,110279490.0,110279683.0,10
ENSG00000119950,ENSG00000119950.21,ENST00000650752,ENST00000650752.1,MXI1,110279914.0,110280040.0,10
ENSG00000119950,ENSG00000119950.21,ENST00000651112,ENST00000651112.1,MXI1,110284824.0,110286585.0,10
ENSG00000119950,ENSG00000119950.21,ENST00000651112,ENST00000651112.1,MXI1,110280121.0,110280147.0,10
ENSG00000120669,ENSG00000120669.16,ENST00000379881,ENST00000379881.8,SOHLH2,36168217.0,36169033.0,13
ENSG00000120669,ENSG00000120669.16,ENST00000317764,ENST00000317764.6,SOHLH2,36181992.0,36183160.0,13
ENSG00000122180,ENSG00000122180.5,ENST00000241651,ENST00000241651.5,MYOG,203083129.0,203083909.0,1
ENSG00000122691,ENSG00000122691.13,ENST00000443687,ENST00000443687.5,TWIST1,19116671.0,19116712.0,7
ENSG00000122691,ENSG00000122691.13,ENST00000443687,ENST00000443687.5,TWIST1,19113877.0,19113923.0,7
ENSG00000122691,ENSG00000122691.13,ENST00000443687,ENST00000443687.5,TWIST1,19056051.0,19056165.0,7
ENSG00000122691,ENSG00000122691.13,ENST00000443687,ENST00000443687.5,TWIST1,19020991.0,19021101.0,7
ENSG00000122691,ENSG00000122691.13,ENST00000354571,ENST00000354571.5,TWIST1,19113877.0,19113923.0,7
ENSG00000122691,ENSG00000122691.13,ENST00000354571,ENST00000354571.5,TWIST1,19116671.0,19116712.0,7
ENSG00000122691,ENSG00000122691.13,ENST00000354571,ENST00000354571.5,TWIST1,19113047.0,19113140.0,7
ENSG00000122691,ENSG00000122691.13,ENST00000242261,ENST00000242261.6,TWIST1,19116671.0,19116712.0,7
ENSG00000122691,ENSG00000122691.13,ENST00000242261,ENST00000242261.6,TWIST1,19115468.0,19116131.0,7
ENSG00000122859,ENSG00000122859.5,ENST00000242462,ENST00000242462.5,NEUROG3,69571698.0,69572398.0,10
ENSG00000123095,ENSG00000123095.6,ENST00000242728,ENST00000242728.5,BHLHE41,26120030.0,26122065.0,12
ENSG00000123307,ENSG00000123307.4,ENST00000242994,ENST00000242994.4,NEUROD4,55027436.0,55030017.0,12
ENSG00000123933,ENSG00000123933.17,ENST00000337190,ENST00000337190.7,MXD4,2247432.0,2250543.0,4
ENSG00000123933,ENSG00000123933.17,ENST00000513380,ENST00000513380.1,MXD4,2251084.0,2251246.0,4
ENSG00000123933,ENSG00000123933.17,ENST00000513380,ENST00000513380.1,MXD4,2255155.0,2255209.0,4
ENSG00000123933,ENSG00000123933.17,ENST00000513380,ENST00000513380.1,MXD4,2252408.0,2252522.0,4
ENSG00000123933,ENSG00000123933.17,ENST00000513380,ENST00000513380.1,MXD4,2250658.0,2250701.0,4
ENSG00000124151,ENSG00000124151.19,ENST00000372004,ENST00000372004.7,NCOA3,47653418.0,47656877.0,20
ENSG00000124151,ENSG00000124151.19,ENST00000371998,ENST00000371998.8,NCOA3,47653418.0,47656872.0,20
ENSG00000124151,ENSG00000124151.19,ENST00000371997,ENST00000371997.3,NCOA3,47653418.0,47655742.0,20
ENSG00000124440,ENSG00000124440.16,ENST00000377670,ENST00000377670.9,HIF3A,46339623.0,46343433.0,19
ENSG00000124440,ENSG00000124440.16,ENST00000533789,ENST00000533789.5,HIF3A,46308250.0,46308305.0,19
ENSG00000124440,ENSG00000124440.16,ENST00000533789,ENST00000533789.5,HIF3A,46308663.0,46308775.0,19
ENSG00000124440,ENSG00000124440.16,ENST00000533789,ENST00000533789.5,HIF3A,46309151.0,46309266.0,19
ENSG00000124440,ENSG00000124440.16,ENST00000244303,ENST00000244303.10,HIF3A,46339623.0,46339909.0,19
ENSG00000124440,ENSG00000124440.16,ENST00000528563,ENST00000528563.5,HIF3A,46308663.0,46308775.0,19
ENSG00000124440,ENSG00000124440.16,ENST00000528563,ENST00000528563.5,HIF3A,46308221.0,46308305.0,19
ENSG00000124440,ENSG00000124440.16,ENST00000528563,ENST00000528563.5,HIF3A,46309151.0,46309359.0,19
ENSG00000124440,ENSG00000124440.16,ENST00000528563,ENST00000528563.5,HIF3A,46312161.0,46312267.0,19
ENSG00000124440,ENSG00000124440.16,ENST00000528563,ENST00000528563.5,HIF3A,46312506.0,46312653.0,19
ENSG00000124440,ENSG00000124440.16,ENST00000528563,ENST00000528563.5,HIF3A,46321776.0,46321966.0,19
ENSG00000124440,ENSG00000124440.16,ENST00000528563,ENST00000528563.5,HIF3A,46305299.0,46305390.0,19
ENSG00000124440,ENSG00000124440.16,ENST00000528563,ENST00000528563.5,HIF3A,46320447.0,46320561.0,19
ENSG00000124440,ENSG00000124440.16,ENST00000528563,ENST00000528563.5,HIF3A,46325535.0,46325594.0,19
ENSG00000124440,ENSG00000124440.16,ENST00000472815,ENST00000472815.5,HIF3A,46338307.0,46338538.0,19
ENSG00000124440,ENSG00000124440.16,ENST00000526506,ENST00000526506.5,HIF3A,46308221.0,46308305.0,19
ENSG00000124440,ENSG00000124440.16,ENST00000526506,ENST00000526506.5,HIF3A,46305299.0,46305390.0,19
ENSG00000124440,ENSG00000124440.16,ENST00000526506,ENST00000526506.5,HIF3A,46308552.0,46308586.0,19
ENSG00000124440,ENSG00000124440.16,ENST00000300862,ENST00000300862.7,HIF3A,46339623.0,46340100.0,19
ENSG00000124440,ENSG00000124440.16,ENST00000600879,ENST00000600879.5,HIF3A,46308221.0,46308305.0,19
ENSG00000124440,ENSG00000124440.16,ENST00000600879,ENST00000600879.5,HIF3A,46305299.0,46305390.0,19
ENSG00000124440,ENSG00000124440.16,ENST00000600879,ENST00000600879.5,HIF3A,46308663.0,46308767.0,19
ENSG00000124440,ENSG00000124440.16,ENST00000600383,ENST00000600383.1,HIF3A,46338307.0,46338538.0,19
ENSG00000124440,ENSG00000124440.16,ENST00000531043,ENST00000531043.1,HIF3A,46312161.0,46312267.0,19
ENSG00000124440,ENSG00000124440.16,ENST00000531043,ENST00000531043.1,HIF3A,46312506.0,46312653.0,19
ENSG00000124440,ENSG00000124440.16,ENST00000531043,ENST00000531043.1,HIF3A,46310684.0,46310691.0,19
ENSG00000125533,ENSG00000125533.6,ENST00000612929,ENST00000612929.2,BHLHE23,63005927.0,63006048.0,20
ENSG00000125533,ENSG00000125533.6,ENST00000370346,ENST00000370346.2,BHLHE23,63005979.0,63006048.0,20
ENSG00000125878,ENSG00000125878.7,ENST00000246080,ENST00000246080.4,TCF15,604257.0,604590.0,20
ENSG00000125952,ENSG00000125952.21,ENST00000341653,ENST00000341653.6,MAX,65006174.0,65006203.0,14
ENSG00000125952,ENSG00000125952.21,ENST00000651648,ENST00000651648.1,MAX,65069694.0,65070366.0,14
ENSG00000125952,ENSG00000125952.21,ENST00000651648,ENST00000651648.1,MAX,65065537.0,65065602.0,14
ENSG00000125952,ENSG00000125952.21,ENST00000651648,ENST00000651648.1,MAX,65060918.0,65062002.0,14
ENSG00000125952,ENSG00000125952.21,ENST00000358402,ENST00000358402.8,MAX,65075124.0,65076475.0,14
ENSG00000125952,ENSG00000125952.21,ENST00000358664,ENST00000358664.9,MAX,65075127.0,65076475.0,14
ENSG00000125952,ENSG00000125952.21,ENST00000556979,ENST00000556979.6,MAX,65075127.0,65077411.0,14
ENSG00000125952,ENSG00000125952.21,ENST00000394606,ENST00000394606.6,MAX,65077344.0,65077411.0,14
ENSG00000125952,ENSG00000125952.21,ENST00000394606,ENST00000394606.6,MAX,65075127.0,65076663.0,14
ENSG00000125952,ENSG00000125952.21,ENST00000555932,ENST00000555932.5,MAX,65075158.0,65076450.0,14
ENSG00000125952,ENSG00000125952.21,ENST00000284165,ENST00000284165.10,MAX,65075202.0,65077802.0,14
ENSG00000125952,ENSG00000125952.21,ENST00000556892,ENST00000556892.6,MAX,65075544.0,65076475.0,14
ENSG00000125952,ENSG00000125952.21,ENST00000555419,ENST00000555419.5,MAX,65076086.0,65076475.0,14
ENSG00000125952,ENSG00000125952.21,ENST00000553928,ENST00000553928.5,MAX,65077328.0,65077411.0,14
ENSG00000125952,ENSG00000125952.21,ENST00000553928,ENST00000553928.5,MAX,65076458.0,65076663.0,14
ENSG00000125952,ENSG00000125952.21,ENST00000557277,ENST00000557277.5,MAX,65076462.0,65076475.0,14
ENSG00000125952,ENSG00000125952.21,ENST00000555667,ENST00000555667.5,MAX,65077301.0,65077411.0,14
ENSG00000125952,ENSG00000125952.21,ENST00000557746,ENST00000557746.5,MAX,65077385.0,65077411.0,14
ENSG00000125952,ENSG00000125952.21,ENST00000556443,ENST00000556443.5,MAX,65077774.0,65077802.0,14
ENSG00000125952,ENSG00000125952.21,ENST00000246163,ENST00000246163.2,MAX,65083744.0,65084179.0,14
ENSG00000125968,ENSG00000125968.10,ENST00000718307,ENST00000718307.1,ID1,31606095.0,31606510.0,20
ENSG00000125968,ENSG00000125968.10,ENST00000718308,ENST00000718308.1,ID1,31606095.0,31606510.0,20
ENSG00000125968,ENSG00000125968.10,ENST00000376105,ENST00000376105.4,ID1,31605838.0,31606515.0,20
ENSG00000125968,ENSG00000125968.10,ENST00000376112,ENST00000376112.4,ID1,31606095.0,31606510.0,20
ENSG00000129152,ENSG00000129152.4,ENST00000250003,ENST00000250003.4,MYOD1,17721509.0,17722136.0,11
ENSG00000130751,ENSG00000130751.10,ENST00000602212,ENST00000602212.6,NPAS1,47045652.0,47045775.0,19
ENSG00000130751,ENSG00000130751.10,ENST00000602189,ENST00000602189.5,NPAS1,47045652.0,47045727.0,19
ENSG00000130751,ENSG00000130751.10,ENST00000449844,ENST00000449844.6,NPAS1,47045652.0,47045759.0,19
ENSG00000130751,ENSG00000130751.10,ENST00000439365,ENST00000439365.6,NPAS1,47042873.0,47042904.0,19
ENSG00000130751,ENSG00000130751.10,ENST00000439365,ENST00000439365.6,NPAS1,47045191.0,47045758.0,19
ENSG00000130751,ENSG00000130751.10,ENST00000594257,ENST00000594257.1,NPAS1,47040999.0,47041125.0,19
ENSG00000130751,ENSG00000130751.10,ENST00000594257,ENST00000594257.1,NPAS1,47042810.0,47042877.0,19
ENSG00000133794,ENSG00000133794.20,ENST00000529388,ENST00000529388.6,BMAL1,13386757.0,13387263.0,11
ENSG00000133794,ENSG00000133794.20,ENST00000403510,ENST00000403510.8,BMAL1,13386757.0,13387262.0,11
ENSG00000133794,ENSG00000133794.20,ENST00000529825,ENST00000529825.6,BMAL1,13355278.0,13355296.0,11
ENSG00000133794,ENSG00000133794.20,ENST00000529825,ENST00000529825.6,BMAL1,13356739.0,13356777.0,11
ENSG00000133794,ENSG00000133794.20,ENST00000529825,ENST00000529825.6,BMAL1,13357055.0,13357096.0,11
ENSG00000133794,ENSG00000133794.20,ENST00000529825,ENST00000529825.6,BMAL1,13358434.0,13358481.0,11
ENSG00000133794,ENSG00000133794.20,ENST00000389707,ENST00000389707.8,BMAL1,13386757.0,13387266.0,11
ENSG00000133794,ENSG00000133794.20,ENST00000674108,ENST00000674108.1,BMAL1,13356739.0,13356777.0,11
ENSG00000133794,ENSG00000133794.20,ENST00000674108,ENST00000674108.1,BMAL1,13357055.0,13357096.0,11
ENSG00000133794,ENSG00000133794.20,ENST00000674108,ENST00000674108.1,BMAL1,13355294.0,13355296.0,11
ENSG00000133794,ENSG00000133794.20,ENST00000674108,ENST00000674108.1,BMAL1,13358434.0,13358591.0,11
ENSG00000133794,ENSG00000133794.20,ENST00000674108,ENST00000674108.1,BMAL1,13360345.0,13360424.0,11
ENSG00000133794,ENSG00000133794.20,ENST00000674108,ENST00000674108.1,BMAL1,13365500.0,13365592.0,11
ENSG00000133794,ENSG00000133794.20,ENST00000674108,ENST00000674108.1,BMAL1,13366665.0,13366782.0,11
ENSG00000133794,ENSG00000133794.20,ENST00000674108,ENST00000674108.1,BMAL1,13369618.0,13369767.0,11
ENSG00000133794,ENSG00000133794.20,ENST00000674108,ENST00000674108.1,BMAL1,13372163.0,13372409.0,11
ENSG00000133794,ENSG00000133794.20,ENST00000674108,ENST00000674108.1,BMAL1,13374095.0,13374201.0,11
ENSG00000133794,ENSG00000133794.20,ENST00000674108,ENST00000674108.1,BMAL1,13375612.0,13375762.0,11
ENSG00000133794,ENSG00000133794.20,ENST00000674108,ENST00000674108.1,BMAL1,13376640.0,13376728.0,11
ENSG00000133794,ENSG00000133794.20,ENST00000674108,ENST00000674108.1,BMAL1,13378337.0,13378445.0,11
ENSG00000133794,ENSG00000133794.20,ENST00000674108,ENST00000674108.1,BMAL1,13381161.0,13381254.0,11
ENSG00000133794,ENSG00000133794.20,ENST00000674108,ENST00000674108.1,BMAL1,13385689.0,13385791.0,11
ENSG00000133794,ENSG00000133794.20,ENST00000674108,ENST00000674108.1,BMAL1,13386596.0,13387266.0,11
ENSG00000133794,ENSG00000133794.20,ENST00000530357,ENST00000530357.6,BMAL1,13355278.0,13355296.0,11
ENSG00000133794,ENSG00000133794.20,ENST00000530357,ENST00000530357.6,BMAL1,13356739.0,13356777.0,11
ENSG00000133794,ENSG00000133794.20,ENST00000530357,ENST00000530357.6,BMAL1,13357055.0,13357096.0,11
ENSG00000133794,ENSG00000133794.20,ENST00000530357,ENST00000530357.6,BMAL1,13358434.0,13358591.0,11
ENSG00000133794,ENSG00000133794.20,ENST00000530357,ENST00000530357.6,BMAL1,13360345.0,13360424.0,11
ENSG00000133794,ENSG00000133794.20,ENST00000530357,ENST00000530357.6,BMAL1,13365500.0,13365592.0,11
ENSG00000133794,ENSG00000133794.20,ENST00000673834,ENST00000673834.1,BMAL1,13356739.0,13356777.0,11
ENSG00000133794,ENSG00000133794.20,ENST00000673834,ENST00000673834.1,BMAL1,13357055.0,13357096.0,11
ENSG00000133794,ENSG00000133794.20,ENST00000673834,ENST00000673834.1,BMAL1,13358434.0,13358591.0,11
ENSG00000133794,ENSG00000133794.20,ENST00000673834,ENST00000673834.1,BMAL1,13360345.0,13360424.0,11
ENSG00000133794,ENSG00000133794.20,ENST00000673834,ENST00000673834.1,BMAL1,13365500.0,13365592.0,11
ENSG00000133794,ENSG00000133794.20,ENST00000673834,ENST00000673834.1,BMAL1,13366665.0,13366782.0,11
ENSG00000133794,ENSG00000133794.20,ENST00000673834,ENST00000673834.1,BMAL1,13369618.0,13369767.0,11
ENSG00000133794,ENSG00000133794.20,ENST00000673834,ENST00000673834.1,BMAL1,13372163.0,13372409.0,11
ENSG00000133794,ENSG00000133794.20,ENST00000673834,ENST00000673834.1,BMAL1,13374095.0,13374201.0,11
ENSG00000133794,ENSG00000133794.20,ENST00000673834,ENST00000673834.1,BMAL1,13375612.0,13375762.0,11
ENSG00000133794,ENSG00000133794.20,ENST00000673834,ENST00000673834.1,BMAL1,13376640.0,13376728.0,11
ENSG00000133794,ENSG00000133794.20,ENST00000673834,ENST00000673834.1,BMAL1,13378337.0,13378445.0,11
ENSG00000133794,ENSG00000133794.20,ENST00000673834,ENST00000673834.1,BMAL1,13381161.0,13381254.0,11
ENSG00000133794,ENSG00000133794.20,ENST00000673834,ENST00000673834.1,BMAL1,13385689.0,13385791.0,11
ENSG00000133794,ENSG00000133794.20,ENST00000673834,ENST00000673834.1,BMAL1,13355294.0,13355296.0,11
ENSG00000133794,ENSG00000133794.20,ENST00000673834,ENST00000673834.1,BMAL1,13386596.0,13387180.0,11
ENSG00000133794,ENSG00000133794.20,ENST00000673626,ENST00000673626.1,BMAL1,13355278.0,13355296.0,11
ENSG00000133794,ENSG00000133794.20,ENST00000673626,ENST00000673626.1,BMAL1,13356739.0,13356777.0,11
ENSG00000133794,ENSG00000133794.20,ENST00000673626,ENST00000673626.1,BMAL1,13357055.0,13357096.0,11
ENSG00000133794,ENSG00000133794.20,ENST00000673626,ENST00000673626.1,BMAL1,13358434.0,13358591.0,11
ENSG00000133794,ENSG00000133794.20,ENST00000673626,ENST00000673626.1,BMAL1,13360345.0,13360424.0,11
ENSG00000133794,ENSG00000133794.20,ENST00000673626,ENST00000673626.1,BMAL1,13365500.0,13365592.0,11
ENSG00000133794,ENSG00000133794.20,ENST00000673626,ENST00000673626.1,BMAL1,13366665.0,13366782.0,11
ENSG00000133794,ENSG00000133794.20,ENST00000673626,ENST00000673626.1,BMAL1,13369618.0,13369767.0,11
ENSG00000133794,ENSG00000133794.20,ENST00000673626,ENST00000673626.1,BMAL1,13372163.0,13372409.0,11
ENSG00000133794,ENSG00000133794.20,ENST00000673626,ENST00000673626.1,BMAL1,13374095.0,13374201.0,11
ENSG00000133794,ENSG00000133794.20,ENST00000673626,ENST00000673626.1,BMAL1,13375612.0,13375762.0,11
ENSG00000133794,ENSG00000133794.20,ENST00000673626,ENST00000673626.1,BMAL1,13376640.0,13376728.0,11
ENSG00000133794,ENSG00000133794.20,ENST00000673626,ENST00000673626.1,BMAL1,13378337.0,13378445.0,11
ENSG00000133794,ENSG00000133794.20,ENST00000673626,ENST00000673626.1,BMAL1,13381161.0,13381254.0,11
ENSG00000133794,ENSG00000133794.20,ENST00000673626,ENST00000673626.1,BMAL1,13385689.0,13385791.0,11
ENSG00000133794,ENSG00000133794.20,ENST00000673626,ENST00000673626.1,BMAL1,13386596.0,13387261.0,11
ENSG00000133794,ENSG00000133794.20,ENST00000673817,ENST00000673817.1,BMAL1,13386757.0,13387262.0,11
ENSG00000133794,ENSG00000133794.20,ENST00000403290,ENST00000403290.6,BMAL1,13386757.0,13387266.0,11
ENSG00000133794,ENSG00000133794.20,ENST00000673892,ENST00000673892.1,BMAL1,13355278.0,13355296.0,11
ENSG00000133794,ENSG00000133794.20,ENST00000673892,ENST00000673892.1,BMAL1,13356739.0,13356777.0,11
ENSG00000133794,ENSG00000133794.20,ENST00000673892,ENST00000673892.1,BMAL1,13357055.0,13357096.0,11
ENSG00000133794,ENSG00000133794.20,ENST00000673892,ENST00000673892.1,BMAL1,13358434.0,13358591.0,11
ENSG00000133794,ENSG00000133794.20,ENST00000673892,ENST00000673892.1,BMAL1,13360345.0,13360424.0,11
ENSG00000133794,ENSG00000133794.20,ENST00000673892,ENST00000673892.1,BMAL1,13365500.0,13365592.0,11
ENSG00000133794,ENSG00000133794.20,ENST00000673892,ENST00000673892.1,BMAL1,13366665.0,13366782.0,11
ENSG00000133794,ENSG00000133794.20,ENST00000673892,ENST00000673892.1,BMAL1,13369618.0,13369767.0,11
ENSG00000133794,ENSG00000133794.20,ENST00000673892,ENST00000673892.1,BMAL1,13374095.0,13374201.0,11
ENSG00000133794,ENSG00000133794.20,ENST00000673892,ENST00000673892.1,BMAL1,13375612.0,13375762.0,11
ENSG00000133794,ENSG00000133794.20,ENST00000673892,ENST00000673892.1,BMAL1,13376640.0,13376728.0,11
ENSG00000133794,ENSG00000133794.20,ENST00000673892,ENST00000673892.1,BMAL1,13378337.0,13378445.0,11
ENSG00000133794,ENSG00000133794.20,ENST00000673892,ENST00000673892.1,BMAL1,13381161.0,13381254.0,11
ENSG00000133794,ENSG00000133794.20,ENST00000673892,ENST00000673892.1,BMAL1,13385689.0,13385791.0,11
ENSG00000133794,ENSG00000133794.20,ENST00000673892,ENST00000673892.1,BMAL1,13372166.0,13372409.0,11
ENSG00000133794,ENSG00000133794.20,ENST00000673892,ENST00000673892.1,BMAL1,13386596.0,13387263.0,11
ENSG00000133794,ENSG00000133794.20,ENST00000673888,ENST00000673888.1,BMAL1,13355278.0,13355296.0,11
ENSG00000133794,ENSG00000133794.20,ENST00000673888,ENST00000673888.1,BMAL1,13356739.0,13356777.0,11
ENSG00000133794,ENSG00000133794.20,ENST00000673888,ENST00000673888.1,BMAL1,13357055.0,13357096.0,11
ENSG00000133794,ENSG00000133794.20,ENST00000673888,ENST00000673888.1,BMAL1,13358434.0,13358591.0,11
ENSG00000133794,ENSG00000133794.20,ENST00000673888,ENST00000673888.1,BMAL1,13360345.0,13360424.0,11
ENSG00000133794,ENSG00000133794.20,ENST00000673888,ENST00000673888.1,BMAL1,13365500.0,13365592.0,11
ENSG00000133794,ENSG00000133794.20,ENST00000673888,ENST00000673888.1,BMAL1,13366665.0,13366782.0,11
ENSG00000133794,ENSG00000133794.20,ENST00000673888,ENST00000673888.1,BMAL1,13369618.0,13369767.0,11
ENSG00000133794,ENSG00000133794.20,ENST00000673888,ENST00000673888.1,BMAL1,13372163.0,13372409.0,11
ENSG00000133794,ENSG00000133794.20,ENST00000673888,ENST00000673888.1,BMAL1,13374095.0,13374201.0,11
ENSG00000133794,ENSG00000133794.20,ENST00000673888,ENST00000673888.1,BMAL1,13375612.0,13375762.0,11
ENSG00000133794,ENSG00000133794.20,ENST00000673888,ENST00000673888.1,BMAL1,13376640.0,13376728.0,11
ENSG00000133794,ENSG00000133794.20,ENST00000673888,ENST00000673888.1,BMAL1,13378337.0,13378445.0,11
ENSG00000133794,ENSG00000133794.20,ENST00000673888,ENST00000673888.1,BMAL1,13381161.0,13381254.0,11
ENSG00000133794,ENSG00000133794.20,ENST00000673888,ENST00000673888.1,BMAL1,13385689.0,13385791.0,11
ENSG00000133794,ENSG00000133794.20,ENST00000673888,ENST00000673888.1,BMAL1,13386596.0,13387262.0,11
ENSG00000133794,ENSG00000133794.20,ENST00000482049,ENST00000482049.6,BMAL1,13355278.0,13355296.0,11
ENSG00000133794,ENSG00000133794.20,ENST00000482049,ENST00000482049.6,BMAL1,13356739.0,13356777.0,11
ENSG00000133794,ENSG00000133794.20,ENST00000482049,ENST00000482049.6,BMAL1,13357055.0,13357096.0,11
ENSG00000133794,ENSG00000133794.20,ENST00000482049,ENST00000482049.6,BMAL1,13358434.0,13358558.0,11
ENSG00000133794,ENSG00000133794.20,ENST00000403482,ENST00000403482.7,BMAL1,13386757.0,13387266.0,11
ENSG00000133794,ENSG00000133794.20,ENST00000673868,ENST00000673868.1,BMAL1,13369618.0,13369767.0,11
ENSG00000133794,ENSG00000133794.20,ENST00000673868,ENST00000673868.1,BMAL1,13372163.0,13372409.0,11
ENSG00000133794,ENSG00000133794.20,ENST00000673868,ENST00000673868.1,BMAL1,13374095.0,13374201.0,11
ENSG00000133794,ENSG00000133794.20,ENST00000673868,ENST00000673868.1,BMAL1,13375612.0,13375762.0,11
ENSG00000133794,ENSG00000133794.20,ENST00000673868,ENST00000673868.1,BMAL1,13376640.0,13376728.0,11
ENSG00000133794,ENSG00000133794.20,ENST00000673868,ENST00000673868.1,BMAL1,13378337.0,13378445.0,11
ENSG00000133794,ENSG00000133794.20,ENST00000673868,ENST00000673868.1,BMAL1,13381161.0,13381254.0,11
ENSG00000133794,ENSG00000133794.20,ENST00000673868,ENST00000673868.1,BMAL1,13385689.0,13385791.0,11
ENSG00000133794,ENSG00000133794.20,ENST00000673868,ENST00000673868.1,BMAL1,13386596.0,13387261.0,11
ENSG00000133794,ENSG00000133794.20,ENST00000673868,ENST00000673868.1,BMAL1,13366675.0,13366782.0,11
ENSG00000133794,ENSG00000133794.20,ENST00000524392,ENST00000524392.5,BMAL1,13381161.0,13381254.0,11
ENSG00000133794,ENSG00000133794.20,ENST00000524392,ENST00000524392.5,BMAL1,13385689.0,13385791.0,11
ENSG00000133794,ENSG00000133794.20,ENST00000524392,ENST00000524392.5,BMAL1,13386596.0,13387266.0,11
ENSG00000133794,ENSG00000133794.20,ENST00000524392,ENST00000524392.5,BMAL1,13378409.0,13378445.0,11
ENSG00000133794,ENSG00000133794.20,ENST00000401424,ENST00000401424.6,BMAL1,13386757.0,13387261.0,11
ENSG00000134107,ENSG00000134107.5,ENST00000256495,ENST00000256495.4,BHLHE40,4983693.0,4985323.0,3
ENSG00000134323,ENSG00000134323.13,ENST00000281043,ENST00000281043.4,MYCN,15946098.0,15947004.0,2
ENSG00000134323,ENSG00000134323.13,ENST00000638417,ENST00000638417.1,MYCN,15946098.0,15947007.0,2
ENSG00000134852,ENSG00000134852.15,ENST00000309964,ENST00000309964.8,CLOCK,55427903.0,55435414.0,4
ENSG00000134852,ENSG00000134852.15,ENST00000381322,ENST00000381322.5,CLOCK,55434823.0,55435414.0,4
ENSG00000134852,ENSG00000134852.15,ENST00000513440,ENST00000513440.6,CLOCK,55427903.0,55435414.0,4
ENSG00000135547,ENSG00000135547.9,ENST00000368365,ENST00000368365.5,HEY2,125759803.0,125761269.0,6
ENSG00000135547,ENSG00000135547.9,ENST00000368364,ENST00000368364.4,HEY2,125759803.0,125761269.0,6
ENSG00000136997,ENSG00000136997.22,ENST00000259523,ENST00000259523.10,MYC,127740415.0,127740477.0,8
ENSG00000136997,ENSG00000136997.22,ENST00000651626,ENST00000651626.1,MYC,127740959.0,127741434.0,8
ENSG00000136997,ENSG00000136997.22,ENST00000377970,ENST00000377970.6,MYC,127740959.0,127741434.0,8
ENSG00000136997,ENSG00000136997.22,ENST00000524013,ENST00000524013.2,MYC,127740959.0,127741372.0,8
ENSG00000136997,ENSG00000136997.22,ENST00000621592,ENST00000621592.8,MYC,127740959.0,127742951.0,8
ENSG00000136997,ENSG00000136997.22,ENST00000707113,ENST00000707113.1,MYC,127740959.0,127741434.0,8
ENSG00000136997,ENSG00000136997.22,ENST00000652288,ENST00000652288.1,MYC,127740959.0,127741434.0,8
ENSG00000136997,ENSG00000136997.22,ENST00000707114,ENST00000707114.1,MYC,127740959.0,127741434.0,8
ENSG00000136997,ENSG00000136997.22,ENST00000707115,ENST00000707115.1,MYC,127740959.0,127741434.0,8
ENSG00000136997,ENSG00000136997.22,ENST00000707116,ENST00000707116.1,MYC,127740959.0,127741434.0,8
ENSG00000139352,ENSG00000139352.4,ENST00000266744,ENST00000266744.4,ASCL1,102958956.0,102959002.0,12
ENSG00000139352,ENSG00000139352.4,ENST00000266744,ENST00000266744.4,ASCL1,102959362.0,102960513.0,12
ENSG00000140262,ENSG00000140262.18,ENST00000438423,ENST00000438423.6,TCF12,57282588.0,57282598.0,15
ENSG00000140262,ENSG00000140262.18,ENST00000438423,ENST00000438423.6,TCF12,57286157.0,57288514.0,15
ENSG00000140262,ENSG00000140262.18,ENST00000267811,ENST00000267811.9,TCF12,57282588.0,57282598.0,15
ENSG00000140262,ENSG00000140262.18,ENST00000267811,ENST00000267811.9,TCF12,57286157.0,57289853.0,15
ENSG00000140262,ENSG00000140262.18,ENST00000333725,ENST00000333725.10,TCF12,57282588.0,57282598.0,15
ENSG00000140262,ENSG00000140262.18,ENST00000333725,ENST00000333725.10,TCF12,57286157.0,57289853.0,15
ENSG00000140262,ENSG00000140262.18,ENST00000557843,ENST00000557843.5,TCF12,57282588.0,57282598.0,15
ENSG00000140262,ENSG00000140262.18,ENST00000557843,ENST00000557843.5,TCF12,57286157.0,57288085.0,15
ENSG00000140262,ENSG00000140262.18,ENST00000561152,ENST00000561152.1,TCF12,57091818.0,57091891.0,15
ENSG00000140262,ENSG00000140262.18,ENST00000561152,ENST00000561152.1,TCF12,57166402.0,57166428.0,15
ENSG00000140262,ENSG00000140262.18,ENST00000543579,ENST00000543579.5,TCF12,57282588.0,57282598.0,15
ENSG00000140262,ENSG00000140262.18,ENST00000543579,ENST00000543579.5,TCF12,57286157.0,57286251.0,15
ENSG00000140262,ENSG00000140262.18,ENST00000537840,ENST00000537840.5,TCF12,57282588.0,57282598.0,15
ENSG00000140262,ENSG00000140262.18,ENST00000537840,ENST00000537840.5,TCF12,57286157.0,57286257.0,15
ENSG00000140262,ENSG00000140262.18,ENST00000343827,ENST00000343827.7,TCF12,57282588.0,57282598.0,15
ENSG00000140262,ENSG00000140262.18,ENST00000343827,ENST00000343827.7,TCF12,57286157.0,57288506.0,15
ENSG00000140262,ENSG00000140262.18,ENST00000559710,ENST00000559710.5,TCF12,57282588.0,57282598.0,15
ENSG00000140262,ENSG00000140262.18,ENST00000559710,ENST00000559710.5,TCF12,57286157.0,57286458.0,15
ENSG00000140262,ENSG00000140262.18,ENST00000559703,ENST00000559703.1,TCF12,57282588.0,57282598.0,15
ENSG00000140262,ENSG00000140262.18,ENST00000559703,ENST00000559703.1,TCF12,57286157.0,57286644.0,15
ENSG00000140262,ENSG00000140262.18,ENST00000560836,ENST00000560836.1,TCF12,57282588.0,57282598.0,15
ENSG00000140262,ENSG00000140262.18,ENST00000560836,ENST00000560836.1,TCF12,57299226.0,57299281.0,15
ENSG00000140262,ENSG00000140262.18,ENST00000560948,ENST00000560948.1,TCF12,57282588.0,57282598.0,15
ENSG00000140262,ENSG00000140262.18,ENST00000560948,ENST00000560948.1,TCF12,57290829.0,57291124.0,15
ENSG00000140396,ENSG00000140396.13,ENST00000452400,ENST00000452400.7,NCOA2,70109782.0,70113631.0,8
ENSG00000140396,ENSG00000140396.13,ENST00000518287,ENST00000518287.6,NCOA2,70138203.0,70138317.0,8
ENSG00000140396,ENSG00000140396.13,ENST00000518287,ENST00000518287.6,NCOA2,70131837.0,70132002.0,8
ENSG00000140396,ENSG00000140396.13,ENST00000518287,ENST00000518287.6,NCOA2,70128702.0,70128980.0,8
ENSG00000140396,ENSG00000140396.13,ENST00000518287,ENST00000518287.6,NCOA2,70128433.0,70128510.0,8
ENSG00000140396,ENSG00000140396.13,ENST00000518287,ENST00000518287.6,NCOA2,70126813.0,70127047.0,8
ENSG00000140396,ENSG00000140396.13,ENST00000518287,ENST00000518287.6,NCOA2,70124688.0,70124865.0,8
ENSG00000140396,ENSG00000140396.13,ENST00000518287,ENST00000518287.6,NCOA2,70123804.0,70124082.0,8
ENSG00000140396,ENSG00000140396.13,ENST00000518287,ENST00000518287.6,NCOA2,70112070.0,70113643.0,8
ENSG00000140396,ENSG00000140396.13,ENST00000518363,ENST00000518363.2,NCOA2,70113569.0,70113631.0,8
ENSG00000143437,ENSG00000143437.21,ENST00000358595,ENST00000358595.10,ARNT,150809713.0,150812020.0,1
ENSG00000143437,ENSG00000143437.21,ENST00000471844,ENST00000471844.6,ARNT,150817928.0,150818021.0,1
ENSG00000143437,ENSG00000143437.21,ENST00000471844,ENST00000471844.6,ARNT,150814077.0,150814112.0,1
ENSG00000143437,ENSG00000143437.21,ENST00000471844,ENST00000471844.6,ARNT,150813172.0,150813338.0,1
ENSG00000143437,ENSG00000143437.21,ENST00000471844,ENST00000471844.6,ARNT,150810094.0,150812110.0,1
ENSG00000143437,ENSG00000143437.21,ENST00000354396,ENST00000354396.6,ARNT,150810859.0,150812020.0,1
ENSG00000143437,ENSG00000143437.21,ENST00000515192,ENST00000515192.5,ARNT,150811681.0,150812020.0,1
ENSG00000143437,ENSG00000143437.21,ENST00000505755,ENST00000505755.5,ARNT,150811961.0,150812020.0,1
ENSG00000143437,ENSG00000143437.21,ENST00000504358,ENST00000504358.1,ARNT,150846263.0,150846307.0,1
ENSG00000143437,ENSG00000143437.21,ENST00000504358,ENST00000504358.1,ARNT,150852762.0,150852806.0,1
ENSG00000143437,ENSG00000143437.21,ENST00000504358,ENST00000504358.1,ARNT,150842424.0,150842468.0,1
ENSG00000143437,ENSG00000143437.21,ENST00000504358,ENST00000504358.1,ARNT,150853156.0,150853247.0,1
ENSG00000143437,ENSG00000143437.21,ENST00000504358,ENST00000504358.1,ARNT,150839608.0,150839654.0,1
ENSG00000144485,ENSG00000144485.11,ENST00000272937,ENST00000272937.10,HES6,238238267.0,238238826.0,2
ENSG00000144485,ENSG00000144485.11,ENST00000409160,ENST00000409160.7,HES6,238238270.0,238239091.0,2
ENSG00000144485,ENSG00000144485.11,ENST00000409002,ENST00000409002.7,HES6,238238276.0,238238826.0,2
ENSG00000144485,ENSG00000144485.11,ENST00000409182,ENST00000409182.1,HES6,238238605.0,238238826.0,2
ENSG00000144485,ENSG00000144485.11,ENST00000417803,ENST00000417803.5,HES6,238239487.0,238239528.0,2
ENSG00000144485,ENSG00000144485.11,ENST00000417803,ENST00000417803.5,HES6,238238776.0,238239156.0,2
ENSG00000144485,ENSG00000144485.11,ENST00000409574,ENST00000409574.1,HES6,238238860.0,238239122.0,2
ENSG00000144485,ENSG00000144485.11,ENST00000409356,ENST00000409356.1,HES6,238239487.0,238239528.0,2
ENSG00000144485,ENSG00000144485.11,ENST00000409356,ENST00000409356.1,HES6,238239170.0,238239251.0,2
ENSG00000146618,ENSG00000146618.3,ENST00000275461,ENST00000275461.3,FERD3L,19144782.0,19144861.0,7
ENSG00000151322,ENSG00000151322.20,ENST00000346562,ENST00000346562.6,NPAS3,33801110.0,33804176.0,14
ENSG00000151322,ENSG00000151322.20,ENST00000548645,ENST00000548645.5,NPAS3,33801110.0,33801278.0,14
ENSG00000151322,ENSG00000151322.20,ENST00000356141,ENST00000356141.9,NPAS3,33801110.0,33804173.0,14
ENSG00000151322,ENSG00000151322.20,ENST00000547068,ENST00000547068.5,NPAS3,33680644.0,33681042.0,14
ENSG00000151322,ENSG00000151322.20,ENST00000680362,ENST00000680362.1,NPAS3,33394202.0,33394244.0,14
ENSG00000151322,ENSG00000151322.20,ENST00000680362,ENST00000680362.1,NPAS3,33560121.0,33560210.0,14
ENSG00000151322,ENSG00000151322.20,ENST00000680362,ENST00000680362.1,NPAS3,33676211.0,33676385.0,14
ENSG00000151322,ENSG00000151322.20,ENST00000680362,ENST00000680362.1,NPAS3,33735214.0,33735332.0,14
ENSG00000151322,ENSG00000151322.20,ENST00000680362,ENST00000680362.1,NPAS3,33774337.0,33774530.0,14
ENSG00000151322,ENSG00000151322.20,ENST00000680362,ENST00000680362.1,NPAS3,33778466.0,33778572.0,14
ENSG00000151322,ENSG00000151322.20,ENST00000680362,ENST00000680362.1,NPAS3,33793897.0,33794044.0,14
ENSG00000151322,ENSG00000151322.20,ENST00000680362,ENST00000680362.1,NPAS3,33797457.0,33797581.0,14
ENSG00000151322,ENSG00000151322.20,ENST00000680362,ENST00000680362.1,NPAS3,33799734.0,33804176.0,14
ENSG00000151322,ENSG00000151322.20,ENST00000551008,ENST00000551008.6,NPAS3,33680644.0,33681042.0,14
ENSG00000151322,ENSG00000151322.20,ENST00000546849,ENST00000546849.1,NPAS3,33612495.0,33612580.0,14
ENSG00000151322,ENSG00000151322.20,ENST00000552696,ENST00000552696.1,NPAS3,33578254.0,33578336.0,14
ENSG00000151322,ENSG00000151322.20,ENST00000552696,ENST00000552696.1,NPAS3,33582082.0,33582166.0,14
ENSG00000151322,ENSG00000151322.20,ENST00000552696,ENST00000552696.1,NPAS3,33583293.0,33583405.0,14
ENSG00000151322,ENSG00000151322.20,ENST00000552696,ENST00000552696.1,NPAS3,33585962.0,33585979.0,14
ENSG00000151322,ENSG00000151322.20,ENST00000681323,ENST00000681323.1,NPAS3,33774337.0,33774530.0,14
ENSG00000151322,ENSG00000151322.20,ENST00000681323,ENST00000681323.1,NPAS3,33778466.0,33778572.0,14
ENSG00000151322,ENSG00000151322.20,ENST00000681323,ENST00000681323.1,NPAS3,33793897.0,33794044.0,14
ENSG00000151322,ENSG00000151322.20,ENST00000681323,ENST00000681323.1,NPAS3,33797457.0,33797581.0,14
ENSG00000151322,ENSG00000151322.20,ENST00000681323,ENST00000681323.1,NPAS3,33758785.0,33758848.0,14
ENSG00000151322,ENSG00000151322.20,ENST00000681323,ENST00000681323.1,NPAS3,33820530.0,33820863.0,14
ENSG00000151322,ENSG00000151322.20,ENST00000552874,ENST00000552874.1,NPAS3,33780636.0,33780871.0,14
ENSG00000151379,ENSG00000151379.4,ENST00000281047,ENST00000281047.4,MSGN1,17817101.0,17817798.0,2
ENSG00000158773,ENSG00000158773.14,ENST00000368020,ENST00000368020.5,USF1,161039251.0,161039919.0,1
ENSG00000158773,ENSG00000158773.14,ENST00000368021,ENST00000368021.7,USF1,161039251.0,161039919.0,1
ENSG00000158773,ENSG00000158773.14,ENST00000368019,ENST00000368019.5,USF1,161039855.0,161039919.0,1
ENSG00000158773,ENSG00000158773.14,ENST00000473969,ENST00000473969.6,USF1,161042116.0,161042213.0,1
ENSG00000158773,ENSG00000158773.14,ENST00000473969,ENST00000473969.6,USF1,161041651.0,161041846.0,1
ENSG00000158773,ENSG00000158773.14,ENST00000473969,ENST00000473969.6,USF1,161041324.0,161041411.0,1
ENSG00000158773,ENSG00000158773.14,ENST00000473969,ENST00000473969.6,USF1,161040814.0,161040872.0,1
ENSG00000158773,ENSG00000158773.14,ENST00000473969,ENST00000473969.6,USF1,161040576.0,161040670.0,1
ENSG00000158773,ENSG00000158773.14,ENST00000473969,ENST00000473969.6,USF1,161040202.0,161040330.0,1
ENSG00000158773,ENSG00000158773.14,ENST00000473969,ENST00000473969.6,USF1,161039920.0,161040009.0,1
ENSG00000158773,ENSG00000158773.14,ENST00000528768,ENST00000528768.5,USF1,161039940.0,161039948.0,1
ENSG00000159263,ENSG00000159263.16,ENST00000290399,ENST00000290399.11,SIM2,36748093.0,36749917.0,21
ENSG00000159263,ENSG00000159263.16,ENST00000431229,ENST00000431229.1,SIM2,36745848.0,36745871.0,21
ENSG00000159263,ENSG00000159263.16,ENST00000483178,ENST00000483178.2,SIM2,36719986.0,36720587.0,21
ENSG00000162367,ENSG00000162367.12,ENST00000371884,ENST00000371884.6,TAL1,47216290.0,47219719.0,1
ENSG00000162367,ENSG00000162367.12,ENST00000691006,ENST00000691006.1,TAL1,47216291.0,47219719.0,1
ENSG00000162367,ENSG00000162367.12,ENST00000294339,ENST00000294339.3,TAL1,47216292.0,47219719.0,1
ENSG00000162992,ENSG00000162992.5,ENST00000295108,ENST00000295108.4,NEUROD1,181676467.0,181677789.0,2
ENSG00000162992,ENSG00000162992.5,ENST00000684079,ENST00000684079.1,NEUROD1,181677241.0,181677789.0,2
ENSG00000162992,ENSG00000162992.5,ENST00000683430,ENST00000683430.1,NEUROD1,181677506.0,181677789.0,2
ENSG00000163792,ENSG00000163792.6,ENST00000296096,ENST00000296096.6,TCF23,27152868.0,27156974.0,2
ENSG00000163909,ENSG00000163909.8,ENST00000372852,ENST00000372852.4,HEYL,39623435.0,39626506.0,1
ENSG00000164107,ENSG00000164107.9,ENST00000503024,ENST00000503024.1,HAND2,173527013.0,173527276.0,4
ENSG00000164107,ENSG00000164107.9,ENST00000503024,ENST00000503024.1,HAND2,173525273.0,173525377.0,4
ENSG00000164107,ENSG00000164107.9,ENST00000503024,ENST00000503024.1,HAND2,173524969.0,173525028.0,4
ENSG00000164107,ENSG00000164107.9,ENST00000359562,ENST00000359562.4,HAND2,173526091.0,173527276.0,4
ENSG00000164600,ENSG00000164600.7,ENST00000297142,ENST00000297142.4,NEUROD6,31337465.0,31338254.0,7
ENSG00000164683,ENSG00000164683.19,ENST00000674295,ENST00000674295.1,HEY1,79762371.0,79765187.0,8
ENSG00000164683,ENSG00000164683.19,ENST00000674418,ENST00000674418.1,HEY1,79762371.0,79765187.0,8
ENSG00000164683,ENSG00000164683.19,ENST00000674177,ENST00000674177.1,HEY1,79767009.0,79767084.0,8
ENSG00000164683,ENSG00000164683.19,ENST00000674177,ENST00000674177.1,HEY1,79766651.0,79766732.0,8
ENSG00000164683,ENSG00000164683.19,ENST00000674177,ENST00000674177.1,HEY1,79762371.0,79765771.0,8
ENSG00000164683,ENSG00000164683.19,ENST00000354724,ENST00000354724.8,HEY1,79764010.0,79765187.0,8
ENSG00000164683,ENSG00000164683.19,ENST00000337919,ENST00000337919.9,HEY1,79764013.0,79765187.0,8
ENSG00000164683,ENSG00000164683.19,ENST00000674358,ENST00000674358.1,HEY1,79764033.0,79765187.0,8
ENSG00000164683,ENSG00000164683.19,ENST00000674160,ENST00000674160.1,HEY1,79764033.0,79765771.0,8
ENSG00000164683,ENSG00000164683.19,ENST00000674160,ENST00000674160.1,HEY1,79766651.0,79766721.0,8
ENSG00000165643,ENSG00000165643.11,ENST00000425225,ENST00000425225.2,SOHLH1,135693407.0,135693596.0,9
ENSG00000165643,ENSG00000165643.11,ENST00000298466,ENST00000298466.9,SOHLH1,135693407.0,135694345.0,9
ENSG00000165643,ENSG00000165643.11,ENST00000673731,ENST00000673731.1,SOHLH1,135693464.0,135693596.0,9
ENSG00000166823,ENSG00000166823.6,ENST00000300057,ENST00000300057.5,MESP1,89749875.0,89750143.0,15
ENSG00000168267,ENSG00000168267.7,ENST00000376504,ENST00000376504.4,PTF1A,23193907.0,23194245.0,10
ENSG00000168267,ENSG00000168267.7,ENST00000638469,ENST00000638469.1,PTF1A,23193749.0,23193997.0,10
ENSG00000168267,ENSG00000168267.7,ENST00000639082,ENST00000639082.1,PTF1A,23193907.0,23194163.0,10
ENSG00000168267,ENSG00000168267.7,ENST00000639873,ENST00000639873.1,PTF1A,23193729.0,23194163.0,10
ENSG00000168267,ENSG00000168267.7,ENST00000640579,ENST00000640579.1,PTF1A,23193774.0,23194162.0,10
ENSG00000168267,ENSG00000168267.7,ENST00000640697,ENST00000640697.1,PTF1A,23193774.0,23194163.0,10
ENSG00000168874,ENSG00000168874.14,ENST00000716557,ENST00000716557.1,ATOH8,85786891.0,85791383.0,2
ENSG00000168874,ENSG00000168874.14,ENST00000306279,ENST00000306279.4,ATOH8,85786891.0,85791383.0,2
ENSG00000170485,ENSG00000170485.17,ENST00000335681,ENST00000335681.10,NPAS2,100995583.0,100996829.0,2
ENSG00000170485,ENSG00000170485.17,ENST00000433408,ENST00000433408.1,NPAS2,100995817.0,100996055.0,2
ENSG00000171532,ENSG00000171532.5,ENST00000302584,ENST00000302584.5,NEUROD2,39603768.0,39605450.0,17
ENSG00000171786,ENSG00000171786.6,ENST00000302101,ENST00000302101.6,NHLH1,160371134.0,160372846.0,1
ENSG00000172201,ENSG00000172201.12,ENST00000378700,ENST00000378700.8,ID4,19838629.0,19838642.0,6
ENSG00000172201,ENSG00000172201.12,ENST00000378700,ENST00000378700.8,ID4,19839210.0,19842197.0,6
ENSG00000172238,ENSG00000172238.6,ENST00000306011,ENST00000306011.6,ATOH1,93829992.0,93830964.0,4
ENSG00000172379,ENSG00000172379.22,ENST00000303329,ENST00000303329.9,ARNT2,80593699.0,80597933.0,15
ENSG00000172379,ENSG00000172379.22,ENST00000533983,ENST00000533983.5,ARNT2,80593699.0,80597928.0,15
ENSG00000172379,ENSG00000172379.22,ENST00000527771,ENST00000527771.5,ARNT2,80593699.0,80593893.0,15
ENSG00000173673,ENSG00000173673.9,ENST00000706530,ENST00000706530.1,HES3,6245508.0,6245578.0,1
ENSG00000173673,ENSG00000173673.9,ENST00000377898,ENST00000377898.4,HES3,6245508.0,6245578.0,1
ENSG00000174576,ENSG00000174576.11,ENST00000311034,ENST00000311034.7,NPAS4,66425990.0,66426707.0,11
ENSG00000174576,ENSG00000174576.11,ENST00000525148,ENST00000525148.1,NPAS4,66423585.0,66423713.0,11
ENSG00000174576,ENSG00000174576.11,ENST00000525148,ENST00000525148.1,NPAS4,66423835.0,66425270.0,11
ENSG00000174576,ENSG00000174576.11,ENST00000525148,ENST00000525148.1,NPAS4,66425961.0,66426055.0,11
ENSG00000175727,ENSG00000175727.15,ENST00000319080,ENST00000319080.12,MLXIP,122141813.0,122147344.0,12
ENSG00000175727,ENSG00000175727.15,ENST00000538698,ENST00000538698.5,MLXIP,122141813.0,122144418.0,12
ENSG00000176009,ENSG00000176009.4,ENST00000531618,ENST00000531618.2,ASCL3,8937578.0,8937615.0,11
ENSG00000176542,ENSG00000176542.10,ENST00000316407,ENST00000316407.9,USF3,113648385.0,113654943.0,3
ENSG00000176542,ENSG00000176542.10,ENST00000491165,ENST00000491165.5,USF3,113648385.0,113649839.0,3
ENSG00000176542,ENSG00000176542.10,ENST00000478658,ENST00000478658.1,USF3,113653239.0,113654943.0,3
ENSG00000177468,ENSG00000177468.7,ENST00000367734,ENST00000367734.4,OLIG3,137492199.0,137493351.0,6
ENSG00000177551,ENSG00000177551.5,ENST00000320238,ENST00000320238.3,NHLH2,115836377.0,115837964.0,1
ENSG00000177551,ENSG00000177551.5,ENST00000369506,ENST00000369506.1,NHLH2,115836692.0,115837964.0,1
ENSG00000178403,ENSG00000178403.4,ENST00000313341,ENST00000313341.4,NEUROG2,112513516.0,112514656.0,4
ENSG00000178860,ENSG00000178860.9,ENST00000325509,ENST00000325509.5,MSC,71841560.0,71842660.0,8
ENSG00000179111,ENSG00000179111.9,ENST00000541682,ENST00000541682.7,HES7,8120592.0,8121570.0,17
ENSG00000179774,ENSG00000179774.9,ENST00000373673,ENST00000373673.5,ATOH7,68230595.0,68231218.0,10
ENSG00000180535,ENSG00000180535.4,ENST00000609256,ENST00000609256.2,BHLHA15,98212880.0,98215457.0,7
ENSG00000180535,ENSG00000180535.4,ENST00000314018,ENST00000314018.2,BHLHA15,98212880.0,98212959.0,7
ENSG00000180828,ENSG00000180828.3,ENST00000321870,ENST00000321870.3,BHLHE22,64581937.0,64583627.0,8
ENSG00000181965,ENSG00000181965.6,ENST00000314744,ENST00000314744.6,NEUROG1,135534282.0,135534976.0,5
ENSG00000183733,ENSG00000183733.6,ENST00000332372,ENST00000332372.6,FIGLA,70777310.0,70777366.0,2
ENSG00000183734,ENSG00000183734.5,ENST00000331289,ENST00000331289.5,ASCL2,2269733.0,2269750.0,11
ENSG00000183734,ENSG00000183734.5,ENST00000331289,ENST00000331289.5,ASCL2,2268498.0,2269126.0,11
ENSG00000184221,ENSG00000184221.13,ENST00000382348,ENST00000382348.2,OLIG1,33071063.0,33072413.0,21
ENSG00000184221,ENSG00000184221.13,ENST00000426947,ENST00000426947.5,OLIG1,33071063.0,33071685.0,21
ENSG00000184221,ENSG00000184221.13,ENST00000426947,ENST00000426947.5,OLIG1,33072052.0,33072413.0,21
ENSG00000186051,ENSG00000186051.7,ENST00000334077,ENST00000334077.6,TAL2,105662824.0,105663124.0,9
ENSG00000187098,ENSG00000187098.18,ENST00000687384,ENST00000687384.1,MITF,69965249.0,69965628.0,3
ENSG00000187098,ENSG00000187098.18,ENST00000693031,ENST00000693031.1,MITF,69965249.0,69965633.0,3
ENSG00000187098,ENSG00000187098.18,ENST00000352241,ENST00000352241.9,MITF,69965249.0,69968332.0,3
ENSG00000187098,ENSG00000187098.18,ENST00000642352,ENST00000642352.1,MITF,69965249.0,69968336.0,3
ENSG00000187098,ENSG00000187098.18,ENST00000472437,ENST00000472437.5,MITF,69965249.0,69965647.0,3
ENSG00000187098,ENSG00000187098.18,ENST00000448226,ENST00000448226.9,MITF,69965249.0,69968332.0,3
ENSG00000187098,ENSG00000187098.18,ENST00000314589,ENST00000314589.11,MITF,69965249.0,69968332.0,3
ENSG00000187098,ENSG00000187098.18,ENST00000693549,ENST00000693549.1,MITF,69964923.0,69965669.0,3
ENSG00000187098,ENSG00000187098.18,ENST00000314557,ENST00000314557.10,MITF,69965249.0,69965668.0,3
ENSG00000187098,ENSG00000187098.18,ENST00000394351,ENST00000394351.9,MITF,69965249.0,69968332.0,3
ENSG00000187098,ENSG00000187098.18,ENST00000478490,ENST00000478490.5,MITF,69949051.0,69949168.0,3
ENSG00000187098,ENSG00000187098.18,ENST00000478490,ENST00000478490.5,MITF,69956455.0,69956530.0,3
ENSG00000187098,ENSG00000187098.18,ENST00000478490,ENST00000478490.5,MITF,69959273.0,69959420.0,3
ENSG00000187098,ENSG00000187098.18,ENST00000478490,ENST00000478490.5,MITF,69941244.0,69941331.0,3
ENSG00000187098,ENSG00000187098.18,ENST00000478490,ENST00000478490.5,MITF,69951812.0,69951886.0,3
ENSG00000187098,ENSG00000187098.18,ENST00000478490,ENST00000478490.5,MITF,69964847.0,69965570.0,3
ENSG00000187098,ENSG00000187098.18,ENST00000394348,ENST00000394348.2,MITF,69938367.0,69939065.0,3
ENSG00000187821,ENSG00000187821.9,ENST00000515777,ENST00000515777.6,HELT,185020773.0,185020953.0,4
ENSG00000187821,ENSG00000187821.9,ENST00000505610,ENST00000505610.5,HELT,185020773.0,185020804.0,4
ENSG00000187821,ENSG00000187821.9,ENST00000338875,ENST00000338875.5,HELT,185020773.0,185020796.0,4
ENSG00000187855,ENSG00000187855.6,ENST00000342331,ENST00000342331.5,ASCL4,107775738.0,107776644.0,12
ENSG00000188095,ENSG00000188095.6,ENST00000560219,ENST00000560219.2,MESP2,89778335.0,89778754.0,15
ENSG00000188095,ENSG00000188095.6,ENST00000341735,ENST00000341735.5,MESP2,89778335.0,89778754.0,15
ENSG00000188290,ENSG00000188290.11,ENST00000428771,ENST00000428771.6,HES4,998962.0,999058.0,1
ENSG00000188290,ENSG00000188290.11,ENST00000304952,ENST00000304952.11,HES4,998964.0,999058.0,1
ENSG00000188290,ENSG00000188290.11,ENST00000484667,ENST00000484667.2,HES4,998970.0,999058.0,1
ENSG00000196628,ENSG00000196628.20,ENST00000354452,ENST00000354452.8,TCF4,55228221.0,55228224.0,18
ENSG00000196628,ENSG00000196628.20,ENST00000354452,ENST00000354452.8,TCF4,55222185.0,55228030.0,18
ENSG00000196628,ENSG00000196628.20,ENST00000616053,ENST00000616053.4,TCF4,55228221.0,55228224.0,18
ENSG00000196628,ENSG00000196628.20,ENST00000616053,ENST00000616053.4,TCF4,55222331.0,55228030.0,18
ENSG00000196628,ENSG00000196628.20,ENST00000643689,ENST00000643689.1,TCF4,55228221.0,55228224.0,18
ENSG00000196628,ENSG00000196628.20,ENST00000643689,ENST00000643689.1,TCF4,55222334.0,55228030.0,18
ENSG00000196628,ENSG00000196628.20,ENST00000356073,ENST00000356073.8,TCF4,55228221.0,55228224.0,18
ENSG00000196628,ENSG00000196628.20,ENST00000356073,ENST00000356073.8,TCF4,55222334.0,55228030.0,18
ENSG00000196628,ENSG00000196628.20,ENST00000636400,ENST00000636400.2,TCF4,55228221.0,55228224.0,18
ENSG00000196628,ENSG00000196628.20,ENST00000636400,ENST00000636400.2,TCF4,55222334.0,55228030.0,18
ENSG00000196628,ENSG00000196628.20,ENST00000637169,ENST00000637169.2,TCF4,55228221.0,55228224.0,18
ENSG00000196628,ENSG00000196628.20,ENST00000637169,ENST00000637169.2,TCF4,55222335.0,55228030.0,18
ENSG00000196628,ENSG00000196628.20,ENST00000637923,ENST00000637923.2,TCF4,55222335.0,55228030.0,18
ENSG00000196628,ENSG00000196628.20,ENST00000637923,ENST00000637923.2,TCF4,55275619.0,55275707.0,18
ENSG00000196628,ENSG00000196628.20,ENST00000637923,ENST00000637923.2,TCF4,55269831.0,55269963.0,18
ENSG00000196628,ENSG00000196628.20,ENST00000637923,ENST00000637923.2,TCF4,55261466.0,55261533.0,18
ENSG00000196628,ENSG00000196628.20,ENST00000637923,ENST00000637923.2,TCF4,55259949.0,55260027.0,18
ENSG00000196628,ENSG00000196628.20,ENST00000637923,ENST00000637923.2,TCF4,55257315.0,55257391.0,18
ENSG00000196628,ENSG00000196628.20,ENST00000637923,ENST00000637923.2,TCF4,55254497.0,55254700.0,18
ENSG00000196628,ENSG00000196628.20,ENST00000637923,ENST00000637923.2,TCF4,55234548.0,55234683.0,18
ENSG00000196628,ENSG00000196628.20,ENST00000637923,ENST00000637923.2,TCF4,55232509.0,55232671.0,18
ENSG00000196628,ENSG00000196628.20,ENST00000637923,ENST00000637923.2,TCF4,55228847.0,55229076.0,18
ENSG00000196628,ENSG00000196628.20,ENST00000637923,ENST00000637923.2,TCF4,55228221.0,55228361.0,18
ENSG00000196628,ENSG00000196628.20,ENST00000636822,ENST00000636822.2,TCF4,55228221.0,55228224.0,18
ENSG00000196628,ENSG00000196628.20,ENST00000636822,ENST00000636822.2,TCF4,55222335.0,55228030.0,18
ENSG00000196628,ENSG00000196628.20,ENST00000638154,ENST00000638154.3,TCF4,55228221.0,55228224.0,18
ENSG00000196628,ENSG00000196628.20,ENST00000638154,ENST00000638154.3,TCF4,55222335.0,55228030.0,18
ENSG00000196628,ENSG00000196628.20,ENST00000637115,ENST00000637115.2,TCF4,55222335.0,55228030.0,18
ENSG00000196628,ENSG00000196628.20,ENST00000637115,ENST00000637115.2,TCF4,55269831.0,55269963.0,18
ENSG00000196628,ENSG00000196628.20,ENST00000637115,ENST00000637115.2,TCF4,55261466.0,55261533.0,18
ENSG00000196628,ENSG00000196628.20,ENST00000637115,ENST00000637115.2,TCF4,55259949.0,55260027.0,18
ENSG00000196628,ENSG00000196628.20,ENST00000637115,ENST00000637115.2,TCF4,55257315.0,55257391.0,18
ENSG00000196628,ENSG00000196628.20,ENST00000637115,ENST00000637115.2,TCF4,55254497.0,55254700.0,18
ENSG00000196628,ENSG00000196628.20,ENST00000637115,ENST00000637115.2,TCF4,55234548.0,55234683.0,18
ENSG00000196628,ENSG00000196628.20,ENST00000637115,ENST00000637115.2,TCF4,55228847.0,55229076.0,18
ENSG00000196628,ENSG00000196628.20,ENST00000637115,ENST00000637115.2,TCF4,55228221.0,55228361.0,18
ENSG00000196628,ENSG00000196628.20,ENST00000637115,ENST00000637115.2,TCF4,55350874.0,55351003.0,18
ENSG00000196628,ENSG00000196628.20,ENST00000637115,ENST00000637115.2,TCF4,55350359.0,55350408.0,18
ENSG00000196628,ENSG00000196628.20,ENST00000637115,ENST00000637115.2,TCF4,55279551.0,55279656.0,18
ENSG00000196628,ENSG00000196628.20,ENST00000637115,ENST00000637115.2,TCF4,55275619.0,55275752.0,18
ENSG00000196628,ENSG00000196628.20,ENST00000637115,ENST00000637115.2,TCF4,55464076.0,55464137.0,18
ENSG00000196628,ENSG00000196628.20,ENST00000637115,ENST00000637115.2,TCF4,55461019.0,55461115.0,18
ENSG00000196628,ENSG00000196628.20,ENST00000637115,ENST00000637115.2,TCF4,55403454.0,55403518.0,18
ENSG00000196628,ENSG00000196628.20,ENST00000637115,ENST00000637115.2,TCF4,55232521.0,55232671.0,18
ENSG00000196628,ENSG00000196628.20,ENST00000637115,ENST00000637115.2,TCF4,55518982.0,55519016.0,18
ENSG00000196628,ENSG00000196628.20,ENST00000635822,ENST00000635822.2,TCF4,55228221.0,55228224.0,18
ENSG00000196628,ENSG00000196628.20,ENST00000635822,ENST00000635822.2,TCF4,55222335.0,55228030.0,18
ENSG00000196628,ENSG00000196628.20,ENST00000636751,ENST00000636751.2,TCF4,55222335.0,55228030.0,18
ENSG00000196628,ENSG00000196628.20,ENST00000636751,ENST00000636751.2,TCF4,55269831.0,55269963.0,18
ENSG00000196628,ENSG00000196628.20,ENST00000636751,ENST00000636751.2,TCF4,55261466.0,55261533.0,18
ENSG00000196628,ENSG00000196628.20,ENST00000636751,ENST00000636751.2,TCF4,55259949.0,55260027.0,18
ENSG00000196628,ENSG00000196628.20,ENST00000636751,ENST00000636751.2,TCF4,55257315.0,55257391.0,18
ENSG00000196628,ENSG00000196628.20,ENST00000636751,ENST00000636751.2,TCF4,55254497.0,55254700.0,18
ENSG00000196628,ENSG00000196628.20,ENST00000636751,ENST00000636751.2,TCF4,55234548.0,55234683.0,18
ENSG00000196628,ENSG00000196628.20,ENST00000636751,ENST00000636751.2,TCF4,55232509.0,55232671.0,18
ENSG00000196628,ENSG00000196628.20,ENST00000636751,ENST00000636751.2,TCF4,55228847.0,55229076.0,18
ENSG00000196628,ENSG00000196628.20,ENST00000636751,ENST00000636751.2,TCF4,55228221.0,55228361.0,18
ENSG00000196628,ENSG00000196628.20,ENST00000636751,ENST00000636751.2,TCF4,55350874.0,55351003.0,18
ENSG00000196628,ENSG00000196628.20,ENST00000636751,ENST00000636751.2,TCF4,55350359.0,55350408.0,18
ENSG00000196628,ENSG00000196628.20,ENST00000636751,ENST00000636751.2,TCF4,55279551.0,55279656.0,18
ENSG00000196628,ENSG00000196628.20,ENST00000636751,ENST00000636751.2,TCF4,55275619.0,55275752.0,18
ENSG00000196628,ENSG00000196628.20,ENST00000636751,ENST00000636751.2,TCF4,55401689.0,55401765.0,18
ENSG00000196628,ENSG00000196628.20,ENST00000570287,ENST00000570287.6,TCF4,55228221.0,55228224.0,18
ENSG00000196628,ENSG00000196628.20,ENST00000570287,ENST00000570287.6,TCF4,55226644.0,55228030.0,18
ENSG00000196628,ENSG00000196628.20,ENST00000564999,ENST00000564999.5,TCF4,55228221.0,55228224.0,18
ENSG00000196628,ENSG00000196628.20,ENST00000564999,ENST00000564999.5,TCF4,55226646.0,55228030.0,18
ENSG00000196628,ENSG00000196628.20,ENST00000629387,ENST00000629387.2,TCF4,55228221.0,55228224.0,18
ENSG00000196628,ENSG00000196628.20,ENST00000629387,ENST00000629387.2,TCF4,55226793.0,55228030.0,18
ENSG00000196628,ENSG00000196628.20,ENST00000568673,ENST00000568673.5,TCF4,55228221.0,55228224.0,18
ENSG00000196628,ENSG00000196628.20,ENST00000568673,ENST00000568673.5,TCF4,55227679.0,55228030.0,18
ENSG00000196628,ENSG00000196628.20,ENST00000457482,ENST00000457482.7,TCF4,55228221.0,55228224.0,18
ENSG00000196628,ENSG00000196628.20,ENST00000457482,ENST00000457482.7,TCF4,55227683.0,55228030.0,18
ENSG00000196628,ENSG00000196628.20,ENST00000543082,ENST00000543082.5,TCF4,55228221.0,55228224.0,18
ENSG00000196628,ENSG00000196628.20,ENST00000543082,ENST00000543082.5,TCF4,55227689.0,55228030.0,18
ENSG00000196628,ENSG00000196628.20,ENST00000540999,ENST00000540999.5,TCF4,55228221.0,55228224.0,18
ENSG00000196628,ENSG00000196628.20,ENST00000540999,ENST00000540999.5,TCF4,55227690.0,55228030.0,18
ENSG00000196628,ENSG00000196628.20,ENST00000537578,ENST00000537578.5,TCF4,55228221.0,55228224.0,18
ENSG00000196628,ENSG00000196628.20,ENST00000537578,ENST00000537578.5,TCF4,55227752.0,55228030.0,18
ENSG00000196628,ENSG00000196628.20,ENST00000568740,ENST00000568740.5,TCF4,55228221.0,55228224.0,18
ENSG00000196628,ENSG00000196628.20,ENST00000568740,ENST00000568740.5,TCF4,55227846.0,55228030.0,18
ENSG00000196628,ENSG00000196628.20,ENST00000626631,ENST00000626631.1,TCF4,55227849.0,55228224.0,18
ENSG00000196628,ENSG00000196628.20,ENST00000537856,ENST00000537856.7,TCF4,55228221.0,55228224.0,18
ENSG00000196628,ENSG00000196628.20,ENST00000537856,ENST00000537856.7,TCF4,55227849.0,55228030.0,18
ENSG00000196628,ENSG00000196628.20,ENST00000544241,ENST00000544241.6,TCF4,55228221.0,55228224.0,18
ENSG00000196628,ENSG00000196628.20,ENST00000544241,ENST00000544241.6,TCF4,55227855.0,55228030.0,18
ENSG00000196628,ENSG00000196628.20,ENST00000675707,ENST00000675707.1,TCF4,55228221.0,55228224.0,18
ENSG00000196628,ENSG00000196628.20,ENST00000675707,ENST00000675707.1,TCF4,55227856.0,55228030.0,18
ENSG00000196628,ENSG00000196628.20,ENST00000561992,ENST00000561992.5,TCF4,55228221.0,55228224.0,18
ENSG00000196628,ENSG00000196628.20,ENST00000561992,ENST00000561992.5,TCF4,55227864.0,55228030.0,18
ENSG00000196628,ENSG00000196628.20,ENST00000561831,ENST00000561831.7,TCF4,55228221.0,55228224.0,18
ENSG00000196628,ENSG00000196628.20,ENST00000561831,ENST00000561831.7,TCF4,55227878.0,55228030.0,18
ENSG00000196628,ENSG00000196628.20,ENST00000674764,ENST00000674764.1,TCF4,55269831.0,55269963.0,18
ENSG00000196628,ENSG00000196628.20,ENST00000674764,ENST00000674764.1,TCF4,55261466.0,55261533.0,18
ENSG00000196628,ENSG00000196628.20,ENST00000674764,ENST00000674764.1,TCF4,55259949.0,55260027.0,18
ENSG00000196628,ENSG00000196628.20,ENST00000674764,ENST00000674764.1,TCF4,55257315.0,55257391.0,18
ENSG00000196628,ENSG00000196628.20,ENST00000674764,ENST00000674764.1,TCF4,55254497.0,55254700.0,18
ENSG00000196628,ENSG00000196628.20,ENST00000674764,ENST00000674764.1,TCF4,55234548.0,55234683.0,18
ENSG00000196628,ENSG00000196628.20,ENST00000674764,ENST00000674764.1,TCF4,55232509.0,55232671.0,18
ENSG00000196628,ENSG00000196628.20,ENST00000674764,ENST00000674764.1,TCF4,55228847.0,55229076.0,18
ENSG00000196628,ENSG00000196628.20,ENST00000674764,ENST00000674764.1,TCF4,55228221.0,55228361.0,18
ENSG00000196628,ENSG00000196628.20,ENST00000674764,ENST00000674764.1,TCF4,55350359.0,55350408.0,18
ENSG00000196628,ENSG00000196628.20,ENST00000674764,ENST00000674764.1,TCF4,55279551.0,55279656.0,18
ENSG00000196628,ENSG00000196628.20,ENST00000674764,ENST00000674764.1,TCF4,55275619.0,55275752.0,18
ENSG00000196628,ENSG00000196628.20,ENST00000674764,ENST00000674764.1,TCF4,55350874.0,55350983.0,18
ENSG00000196628,ENSG00000196628.20,ENST00000674764,ENST00000674764.1,TCF4,55227887.0,55228030.0,18
ENSG00000196628,ENSG00000196628.20,ENST00000564228,ENST00000564228.5,TCF4,55228221.0,55228224.0,18
ENSG00000196628,ENSG00000196628.20,ENST00000564228,ENST00000564228.5,TCF4,55227911.0,55228030.0,18
ENSG00000196628,ENSG00000196628.20,ENST00000567880,ENST00000567880.5,TCF4,55228221.0,55228224.0,18
ENSG00000196628,ENSG00000196628.20,ENST00000567880,ENST00000567880.5,TCF4,55227911.0,55228030.0,18
ENSG00000196628,ENSG00000196628.20,ENST00000566286,ENST00000566286.5,TCF4,55228221.0,55228224.0,18
ENSG00000196628,ENSG00000196628.20,ENST00000566286,ENST00000566286.5,TCF4,55227911.0,55228030.0,18
ENSG00000196628,ENSG00000196628.20,ENST00000566279,ENST00000566279.5,TCF4,55228221.0,55228224.0,18
ENSG00000196628,ENSG00000196628.20,ENST00000566279,ENST00000566279.5,TCF4,55227911.0,55228030.0,18
ENSG00000196628,ENSG00000196628.20,ENST00000565018,ENST00000565018.6,TCF4,55228221.0,55228224.0,18
ENSG00000196628,ENSG00000196628.20,ENST00000565018,ENST00000565018.6,TCF4,55227911.0,55228030.0,18
ENSG00000196628,ENSG00000196628.20,ENST00000564403,ENST00000564403.6,TCF4,55228221.0,55228224.0,18
ENSG00000196628,ENSG00000196628.20,ENST00000564403,ENST00000564403.6,TCF4,55227936.0,55228030.0,18
ENSG00000196628,ENSG00000196628.20,ENST00000398339,ENST00000398339.5,TCF4,55228221.0,55228224.0,18
ENSG00000196628,ENSG00000196628.20,ENST00000398339,ENST00000398339.5,TCF4,55227936.0,55228030.0,18
ENSG00000196628,ENSG00000196628.20,ENST00000570177,ENST00000570177.6,TCF4,55228221.0,55228224.0,18
ENSG00000196628,ENSG00000196628.20,ENST00000570177,ENST00000570177.6,TCF4,55227984.0,55228030.0,18
ENSG00000196628,ENSG00000196628.20,ENST00000628689,ENST00000628689.2,TCF4,55261466.0,55261533.0,18
ENSG00000196628,ENSG00000196628.20,ENST00000628689,ENST00000628689.2,TCF4,55259949.0,55260027.0,18
ENSG00000196628,ENSG00000196628.20,ENST00000628689,ENST00000628689.2,TCF4,55257315.0,55257391.0,18
ENSG00000196628,ENSG00000196628.20,ENST00000628689,ENST00000628689.2,TCF4,55269831.0,55269895.0,18
ENSG00000196628,ENSG00000196628.20,ENST00000628689,ENST00000628689.2,TCF4,55254609.0,55254700.0,18
ENSG00000196628,ENSG00000196628.20,ENST00000570146,ENST00000570146.3,TCF4,55259621.0,55259781.0,18
ENSG00000196628,ENSG00000196628.20,ENST00000569357,ENST00000569357.4,TCF4,55461019.0,55461115.0,18
ENSG00000196628,ENSG00000196628.20,ENST00000569357,ENST00000569357.4,TCF4,55403454.0,55403518.0,18
ENSG00000196628,ENSG00000196628.20,ENST00000569357,ENST00000569357.4,TCF4,55464076.0,55464118.0,18
ENSG00000196628,ENSG00000196628.20,ENST00000569357,ENST00000569357.4,TCF4,55350994.0,55351000.0,18
ENSG00000196628,ENSG00000196628.20,ENST00000627320,ENST00000627320.2,TCF4,55464076.0,55464137.0,18
ENSG00000196628,ENSG00000196628.20,ENST00000627320,ENST00000627320.2,TCF4,55585280.0,55585352.0,18
ENSG00000196628,ENSG00000196628.20,ENST00000627320,ENST00000627320.2,TCF4,55596106.0,55596107.0,18
ENSG00000196628,ENSG00000196628.20,ENST00000627320,ENST00000627320.2,TCF4,55461034.0,55461115.0,18
ENSG00000196628,ENSG00000196628.20,ENST00000630224,ENST00000630224.2,TCF4,55464076.0,55464137.0,18
ENSG00000196628,ENSG00000196628.20,ENST00000630224,ENST00000630224.2,TCF4,55585280.0,55585352.0,18
ENSG00000196628,ENSG00000196628.20,ENST00000630224,ENST00000630224.2,TCF4,55587045.0,55587085.0,18
ENSG00000196628,ENSG00000196628.20,ENST00000630224,ENST00000630224.2,TCF4,55461097.0,55461115.0,18
ENSG00000196628,ENSG00000196628.20,ENST00000565393,ENST00000565393.2,TCF4,55587045.0,55587136.0,18
ENSG00000196628,ENSG00000196628.20,ENST00000565393,ENST00000565393.2,TCF4,55596106.0,55596107.0,18
ENSG00000196628,ENSG00000196628.20,ENST00000565393,ENST00000565393.2,TCF4,55585317.0,55585352.0,18
ENSG00000197921,ENSG00000197921.6,ENST00000378453,ENST00000378453.4,HES5,2528745.0,2529468.0,1
ENSG00000198911,ENSG00000198911.13,ENST00000361204,ENST00000361204.9,SREBF2,41905661.0,41907305.0,22
ENSG00000198911,ENSG00000198911.13,ENST00000424354,ENST00000424354.5,SREBF2,41880910.0,41880992.0,22
ENSG00000198911,ENSG00000198911.13,ENST00000424354,ENST00000424354.5,SREBF2,41884842.0,41885011.0,22
ENSG00000198911,ENSG00000198911.13,ENST00000424354,ENST00000424354.5,SREBF2,41893117.0,41893285.0,22
ENSG00000198911,ENSG00000198911.13,ENST00000424354,ENST00000424354.5,SREBF2,41894820.0,41894937.0,22
ENSG00000198911,ENSG00000198911.13,ENST00000424354,ENST00000424354.5,SREBF2,41897052.0,41897161.0,22
ENSG00000198911,ENSG00000198911.13,ENST00000424354,ENST00000424354.5,SREBF2,41898649.0,41898781.0,22
ENSG00000198911,ENSG00000198911.13,ENST00000424354,ENST00000424354.5,SREBF2,41899237.0,41899553.0,22
ENSG00000198911,ENSG00000198911.13,ENST00000424354,ENST00000424354.5,SREBF2,41900020.0,41900122.0,22
ENSG00000198911,ENSG00000198911.13,ENST00000424354,ENST00000424354.5,SREBF2,41900330.0,41900498.0,22
ENSG00000198911,ENSG00000198911.13,ENST00000424354,ENST00000424354.5,SREBF2,41902970.0,41903155.0,22
ENSG00000198911,ENSG00000198911.13,ENST00000424354,ENST00000424354.5,SREBF2,41904863.0,41904974.0,22
ENSG00000198911,ENSG00000198911.13,ENST00000424354,ENST00000424354.5,SREBF2,41905440.0,41907306.0,22
ENSG00000198911,ENSG00000198911.13,ENST00000710853,ENST00000710853.1,SREBF2,41905661.0,41907305.0,22
ENSG00000205899,ENSG00000205899.4,ENST00000391429,ENST00000391429.2,BHLHA9,1271272.0,1271815.0,17
ENSG00000205927,ENSG00000205927.5,ENST00000382357,ENST00000382357.4,OLIG2,33027835.0,33029185.0,21
ENSG00000205927,ENSG00000205927.5,ENST00000333337,ENST00000333337.3,OLIG2,33027835.0,33029196.0,21
ENSG00000213347,ENSG00000213347.11,ENST00000427908,ENST00000427908.6,MXD3,177305500.0,177307118.0,5
ENSG00000213347,ENSG00000213347.11,ENST00000423571,ENST00000423571.6,MXD3,177306817.0,177307118.0,5
ENSG00000213347,ENSG00000213347.11,ENST00000439742,ENST00000439742.7,MXD3,177307210.0,177307587.0,5
ENSG00000213347,ENSG00000213347.11,ENST00000513063,ENST00000513063.5,MXD3,177307435.0,177307587.0,5
ENSG00000232237,ENSG00000232237.5,ENST00000449188,ENST00000449188.3,ASCL5,201113943.0,201114751.0,1
ENSG00000233608,ENSG00000233608.5,ENST00000448943,ENST00000448943.2,TWIST2,238848699.0,238848733.0,2
ENSG00000233608,ENSG00000233608.5,ENST00000448943,ENST00000448943.2,TWIST2,238886779.0,238887252.0,2
ENSG00000233608,ENSG00000233608.5,ENST00000612363,ENST00000612363.2,TWIST2,238848699.0,238848733.0,2
ENSG00000233608,ENSG00000233608.5,ENST00000612363,ENST00000612363.2,TWIST2,238909842.0,238910534.0,2
ENSG00000233608,ENSG00000233608.5,ENST00000710607,ENST00000710607.1,TWIST2,238848699.0,238848733.0,2
ENSG00000233608,ENSG00000233608.5,ENST00000710607,ENST00000710607.1,TWIST2,238866744.0,238867005.0,2
ENSG00000260428,ENSG00000260428.3,ENST00000567180,ENST00000567180.3,SCX,144268143.0,144268481.0,8
ENSG00000261787,ENSG00000261787.2,ENST00000563496,ENST00000563496.2,TCF24,66946501.0,66948050.0,8
